group_var,group_level,hhi_var,listing_year,mean,median,q25,q75,IQR,upper,lower
powertrain,Battery Electric (BEV),make,2022,0.203126019008716,0.1453729139540727,0.1256973139069436,0.20665352431911838,0.08095621041217477,0.32808783993738055,0.004262998288681458
powertrain,Battery Electric (BEV),make,2023,0.15328833141577902,0.10563204650802795,0.0939166316126835,0.14352344494962754,0.04960681333694404,0.2179336649550436,0.019506411607267446
powertrain,Battery Electric (BEV),make,2024,0.15696600734763946,0.10964524681227118,0.0886847920004053,0.1480321701440606,0.05934737814365529,0.23705323735954353,-3.3627521507763325e-4
powertrain,Battery Electric (BEV),make,2025,0.16444612429274671,0.12047871484109453,0.0966529293829361,0.17031513904635176,0.07366220966341566,0.28080845354147527,-0.013840385112187395
powertrain,Diesel,make,2022,0.21996845435531015,0.21260220782705463,0.18776974975071253,0.24389814206053523,0.056128392309822694,0.32809073052526927,0.10357716128597849
powertrain,Plug-In Hybrid Electric (PHEV),make,2023,0.21815276552701324,0.17352926237577063,0.1437290114840867,0.22007527289133696,0.07634626140725026,0.33459466500221235,0.029209619373211315
powertrain,Hybrid Electric (HEV),make,2024,0.24772064337610927,0.22115181936991163,0.19967534267993925,0.25606101845741214,0.05638567577747289,0.34063953212362147,0.11509682901372992
powertrain,Hybrid Electric (HEV),make,2022,0.24089100478238346,0.21350350744056498,0.1918402251287355,0.25497530011082725,0.06313507498209175,0.34967791258396486,0.09713761265559787
powertrain,Gasoline,make,2022,0.09468131465178252,0.08149692435730732,0.07339856158228264,0.09731230209085535,0.023913740508572714,0.13318291285371442,0.03752795081942357
powertrain,Gasoline,make,2023,0.09733041518210414,0.08568870304324581,0.07502934171087913,0.09976941627329461,0.024740074562415476,0.13687952811691784,0.03791922986725592
powertrain,Gasoline,make,2024,0.09984413066740802,0.08719319627160706,0.07708795818977061,0.1039856959780138,0.026897737788243184,0.14433230266037858,0.03674135150740584
powertrain,Gasoline,make,2025,0.10521585879530244,0.09076518865367025,0.08047615676926964,0.11344662080519954,0.0329704640359299,0.1629023168590944,0.031020460715374787
powertrain,Diesel,make,2023,0.2171938618277088,0.21216749240303343,0.186279233884888,0.23953731883244056,0.05325808494755255,0.31942444625376937,0.10639210646355919
powertrain,Diesel,make,2025,0.228642337971389,0.2240917772646699,0.20539405322091686,0.24283003756602653,0.03743598434510967,0.298984014083691,0.14924007670325234
powertrain,Diesel,make,2024,0.22385022645575514,0.21992876696831265,0.19567142338840174,0.24030111085183165,0.04462968746342991,0.3072456420469765,0.1287268921932569
powertrain,Hybrid Electric (HEV),make,2025,0.252982528388404,0.2272433625802689,0.20441983587777426,0.2557784468860604,0.05135861100828612,0.3328163633984896,0.1273819193653451
powertrain,Flex Fuel (E85),make,2024,0.24793716875078742,0.2341964412865331,0.22125814223402596,0.262730650216567,0.04147250798254104,0.3249394121903786,0.1590493802602144
powertrain,Flex Fuel (E85),make,2022,0.24526330061408524,0.22949033960778986,0.2161371133049001,0.25798385381107536,0.04184674050617526,0.3207539645703382,0.1533670025456372
powertrain,Flex Fuel (E85),make,2023,0.25347090433722447,0.2407076362140157,0.2228253707857032,0.26638367346938774,0.04355830268368455,0.33172112749491456,0.15748791676017637
powertrain,Flex Fuel (E85),make,2025,0.2582735921016698,0.24336745236741542,0.22495045862025626,0.2721774932462292,0.04722703462597294,0.34301804518518864,0.15410990668129684
powertrain,Plug-In Hybrid Electric (PHEV),make,2025,0.2025153529318022,0.1554310346339023,0.1322951956138072,0.20885671781570153,0.07656152220189433,0.323699001118543,0.017452912310965712
powertrain,Hybrid Electric (HEV),make,2023,0.23623877712579405,0.20767132811987166,0.1904157893671835,0.24381317597524252,0.05339738660805901,0.32390925588733105,0.11031970945509499
powertrain,Gasoline,make,2018,0.09434925453987987,0.07898848669606018,0.07310946334378413,0.09433267007942203,0.021223206735637906,0.12616748018287888,0.041274653240327266
powertrain,Gasoline,make,2019,0.09615091794660928,0.08125896771796405,0.07477349765941896,0.09571562640410725,0.020942128744688288,0.1271288195211397,0.04336030454238653
powertrain,Plug-In Hybrid Electric (PHEV),make,2018,0.35026819025944006,0.2866666666666667,0.2606685528041186,0.36,0.09933144719588138,0.5089971707938221,0.11167138201029653
powertrain,Gasoline,make,2020,0.09436321490379997,0.08041492319886365,0.07342592487549916,0.09500876946928671,0.02158284459378755,0.12738303635996803,0.04105165798481784
powertrain,Gasoline,make,2021,0.09127273578917398,0.07882634483235122,0.07161648842888005,0.09042255418528602,0.018806065756405976,0.11863165281989499,0.043407389794271084
powertrain,Diesel,make,2019,0.21942742349449978,0.20331657260724967,0.1792951652243643,0.23697463625137863,0.05767947102701432,0.3234938427919001,0.09277595868384284
powertrain,Diesel,make,2020,0.20899328818394686,0.19415603889987149,0.1717924434719826,0.23229441185368876,0.060501968381706156,0.323047364426248,0.08103949089942337
powertrain,Diesel,make,2018,0.2054466108017944,0.1894489067922056,0.16416698816872421,0.22936519649181983,0.06519820832309561,0.32716250897646326,0.0663696756840808
powertrain,Diesel,make,2021,0.21439471791385126,0.2071890608126107,0.17456859181805182,0.24338352929938212,0.0688149374813303,0.3466059355213776,0.07134618559605636
powertrain,Flex Fuel (E85),make,2018,0.2298418846045911,0.22286861807012837,0.2046409988450233,0.2380032422545272,0.03336224340950392,0.28804660736878307,0.1545976337307674
powertrain,Flex Fuel (E85),make,2021,0.23985494423252596,0.2304746102455627,0.21473351459591208,0.25136679458421307,0.03663327998830099,0.30631671456666454,0.1597835946134606
powertrain,Flex Fuel (E85),make,2019,0.2349724060533668,0.22879839810829927,0.2103501846609408,0.2465312149829547,0.03618103032201389,0.30080276046597554,0.15607863917791998
powertrain,Flex Fuel (E85),make,2020,0.23639960408086133,0.22794430006195768,0.21333602770706808,0.2486333553209699,0.03529732761390181,0.30157934674182263,0.16039003628621537
powertrain,Hybrid Electric (HEV),make,2018,0.3047854408758846,0.27798481215761683,0.2430127950641398,0.3321808223010923,0.0891680272369525,0.46593286315652105,0.10926075420871106
powertrain,Hybrid Electric (HEV),make,2019,0.32642083865159177,0.2985161969397052,0.2554549205108649,0.35886053535965257,0.10340561484878769,0.5139689576328341,0.10034649823768335
powertrain,Hybrid Electric (HEV),make,2021,0.30225091231701756,0.2777777777777778,0.24223536305309093,0.3357619066242934,0.09352654357120246,0.4760517219810971,0.10194554769628725
powertrain,Hybrid Electric (HEV),make,2020,0.33502902942178336,0.3067275977335498,0.27046513303156516,0.3706884289114243,0.10022329587985912,0.521023372731213,0.12013018921177648
powertrain,Battery Electric (BEV),make,2020,0.3027529386086767,0.23798539023452514,0.19153895460637493,0.31360946745562135,0.12207051284924642,0.49671523672949097,0.00843318533250531
powertrain,Plug-In Hybrid Electric (PHEV),make,2019,0.322869393177959,0.2667595374976502,0.23423264168271848,0.33766317944410307,0.10343053776138458,0.49280898608617996,0.0790868350406416
powertrain,Plug-In Hybrid Electric (PHEV),make,2020,0.29450113901891717,0.2405785123966942,0.1996477438430636,0.31109127044690676,0.11144352660384316,0.4782565603526715,0.03248245393729887
powertrain,Plug-In Hybrid Electric (PHEV),make,2021,0.28843036453135945,0.23644671822849914,0.17708333333333337,0.3229403065207294,0.14585697318739604,0.5417257663018235,-0.041702126447760696
powertrain,Battery Electric (BEV),make,2021,0.22147749789403617,0.16400037208700363,0.14092375205179142,0.22737480189036097,0.08645104983856955,0.3570513766482153,0.011247177293937094
powertrain,Battery Electric (BEV),make,2019,0.33191935478060264,0.2649515988868536,0.21157525510204084,0.3521845725716258,0.14060931746958494,0.5630985487760032,6.61278897663431e-4
powertrain,Battery Electric (BEV),make,2018,0.4015920951959586,0.3429137695331663,0.2774392972289205,0.44000000000000006,0.16256070277107953,0.6838410541566193,0.03359824307230122
powertrain,Plug-In Hybrid Electric (PHEV),make,2024,0.21722031526728564,0.16880833175735976,0.13081878275877984,0.24889316608860368,0.11807438332982384,0.4260047410833394,-0.04629279223595592
powertrain,Plug-In Hybrid Electric (PHEV),make,2022,0.2430031199323803,0.18188458728999274,0.15431268403960907,0.2479338842975207,0.09362120025791162,0.38836568468438815,0.013880883652741649
powertrain,Fuel Cell,make,2019,0.9062249984618904,1,0.7756345007326539,1,0.22436549926734606,1.336548248901019,0.43908625183163486
powertrain,Fuel Cell,make,2022,0.8403470676810133,1,0.7009697125037379,1,0.29903028749626215,1.4485454312443933,0.25242428125934463
powertrain,Fuel Cell,make,2021,0.9634859685634788,1,0.997300949598247,1,0.0026990504017530004,1.0040485756026296,0.9932523739956175
powertrain,Fuel Cell,make,2024,0.8580690367467358,1,0.7775855440215302,1,0.22241445597846976,1.3336216839677046,0.4439638600538256
powertrain,Fuel Cell,make,2018,0.9929431110785668,1,1,1,0,1,1
powertrain,Fuel Cell,make,2025,0.8450913278483242,1,0.75830078125,1,0.24169921875,1.362548828125,0.395751953125
powertrain,Fuel Cell,make,2020,0.9122911777693736,1,0.8026590991426155,1,0.19734090085738454,1.2960113512860767,0.5066477478565387
powertrain,Fuel Cell,make,2023,0.7556539696854689,0.7616877040654455,0.510204081632653,1,0.48979591836734704,1.7346938775510206,-0.2244897959183676
powertrain,Battery Electric (BEV),vehicle_type,2022,0.523426055825982,0.5052848911015441,0.48732124405545,0.5441861118619132,0.056864867806463215,0.6294834135716081,0.4020239423457552
powertrain,Battery Electric (BEV),vehicle_type,2023,0.5044584407222885,0.5042634776528958,0.4752311180882609,0.5318820635388594,0.056650945450598456,0.6168584817147571,0.3902546999123632
powertrain,Battery Electric (BEV),vehicle_type,2024,0.5266189450961422,0.5133112068356754,0.47645105991886433,0.5587382988559677,0.08228723893710338,0.6821691572616227,0.35302020151320923
powertrain,Battery Electric (BEV),vehicle_type,2025,0.48356367751629703,0.47545149279473614,0.43107604646066194,0.5254084928578452,0.09433244639718324,0.66690716245362,0.28957737686488705
powertrain,Diesel,vehicle_type,2022,0.7545108333665614,0.7792091969335957,0.6625580507827395,0.8583666558801775,0.19580860509743792,1.1520795635263343,0.3688451431365827
powertrain,Plug-In Hybrid Electric (PHEV),vehicle_type,2023,0.4562236342064838,0.4221165279429251,0.3741471911743359,0.5,0.12585280882566408,0.6887792132384961,0.1853679779358398
powertrain,Hybrid Electric (HEV),vehicle_type,2024,0.3432100257931217,0.3368291630394088,0.3116305410285136,0.3594550029950922,0.04782446196657858,0.4311916959449601,0.23989384807864575
powertrain,Hybrid Electric (HEV),vehicle_type,2022,0.32036239589729965,0.30802011747994007,0.2876818544896711,0.3353747729229493,0.04769291843327822,0.4069141505728666,0.21614247683975377
powertrain,Gasoline,vehicle_type,2022,0.3075254731985186,0.30321796093209585,0.28231261848987244,0.32807500200786993,0.045762383517997496,0.39671857728486615,0.2136690432128762
powertrain,Gasoline,vehicle_type,2023,0.31351330932034877,0.30692662310540114,0.28697844907295056,0.3319627304577634,0.04498428138481286,0.39943915253498274,0.21950202699573126
powertrain,Gasoline,vehicle_type,2024,0.3130703407358096,0.30569096251103056,0.28494819045481845,0.33149718889558905,0.046548998440770595,0.4013206865567449,0.21512469279366256
powertrain,Gasoline,vehicle_type,2025,0.30688904363750696,0.29903250370592077,0.2804115954694352,0.3254667747841166,0.04505517931468139,0.3930495437561387,0.21282882649741314
powertrain,Diesel,vehicle_type,2023,0.7546226123215122,0.7778655511768978,0.6723377441713927,0.8559249352925135,0.18358719112112076,1.1313057219741947,0.39695695748971155
powertrain,Diesel,vehicle_type,2025,0.8123582658953485,0.8300877560890328,0.7543740892818203,0.8849661317909087,0.1305920425090884,1.0808541955545412,0.5584860255181876
powertrain,Diesel,vehicle_type,2024,0.7890221393381391,0.8056689938366665,0.7170623797588891,0.8726507566621501,0.155588376903261,1.1060333220170415,0.4836798144039976
powertrain,Hybrid Electric (HEV),vehicle_type,2025,0.33173938315309975,0.3214520898935597,0.30335757310945344,0.3476562379667208,0.044298664857267356,0.41410423525262186,0.2369095758235524
powertrain,Flex Fuel (E85),vehicle_type,2024,0.28437279074042215,0.2701699019098588,0.24990239780277065,0.30004056266646717,0.050138164863696516,0.37524780996201196,0.1746951505072259
powertrain,Flex Fuel (E85),vehicle_type,2022,0.29295691547654656,0.2743190527002391,0.25004752754613074,0.31994705482700425,0.06989952728087351,0.4247963457483145,0.14519823662482048
powertrain,Flex Fuel (E85),vehicle_type,2023,0.29108743850163976,0.27082651607435126,0.24816530892958732,0.30763416477702193,0.05946885584743461,0.3968374485481738,0.1589620251584354
powertrain,Flex Fuel (E85),vehicle_type,2025,0.31201992668770945,0.29720923745767924,0.27042485427558444,0.32824164237638687,0.05781678810080243,0.4149668245275905,0.1836996721243808
powertrain,Plug-In Hybrid Electric (PHEV),vehicle_type,2025,0.3996906884332379,0.37086776859504134,0.3477901311144369,0.40581316368404696,0.058023032569610056,0.49284771253846205,0.2607555822600218
powertrain,Hybrid Electric (HEV),vehicle_type,2023,0.3431151007388079,0.3359750347396432,0.3091722126764271,0.36437685950413223,0.05520464682770515,0.44718382974568993,0.22636524243486936
powertrain,Gasoline,vehicle_type,2018,0.3064452797706752,0.3057060734577123,0.281380657689015,0.32881575725800444,0.04743509956898945,0.3999684066114886,0.21022800833553082
powertrain,Gasoline,vehicle_type,2019,0.3004083502665898,0.29883700083649406,0.27782047930679493,0.3189630155000503,0.041142536193255363,0.38067681978993334,0.2161066750169119
powertrain,Plug-In Hybrid Electric (PHEV),vehicle_type,2018,0.6498067514526209,0.6099160611657668,0.5267262047935692,0.7277714949187605,0.20104529012519123,1.0293394301065473,0.2251582696057824
powertrain,Gasoline,vehicle_type,2020,0.29425470694081707,0.29158689873134536,0.273387244531605,0.3121400737268835,0.038752829195278504,0.3702693175198013,0.21525800073868726
powertrain,Gasoline,vehicle_type,2021,0.3025643215082778,0.2980144615233394,0.2788602967860345,0.32225598330585337,0.043395686519818844,0.38734951308558163,0.21376676700630626
powertrain,Diesel,vehicle_type,2019,0.5725060578531511,0.5223193692113446,0.41957090398575186,0.7024514814968822,0.2828805775111303,1.1267723477635778,-0.004749962280943654
powertrain,Diesel,vehicle_type,2020,0.6151079982953446,0.5920821993516147,0.46667880790163563,0.7514501646703684,0.2847713567687328,1.1786071998234675,0.039521772748536466
powertrain,Diesel,vehicle_type,2018,0.5971521109398285,0.5685605715299096,0.44320757931151966,0.7404592526552731,0.29725167334375346,1.1863367626709034,-0.0026699307041105347
powertrain,Diesel,vehicle_type,2021,0.7183964208650293,0.7418202446445947,0.6162759000353101,0.8364979254912599,0.22022202545594982,1.1668309636751846,0.28594286185138534
powertrain,Flex Fuel (E85),vehicle_type,2018,0.26070324914624116,0.2494287470567454,0.2358610374888176,0.27677110881207284,0.04091007132325525,0.33813621579695574,0.17449593050393472
powertrain,Flex Fuel (E85),vehicle_type,2021,0.282416161654599,0.2676681573349619,0.24950991883020165,0.2987866576262957,0.04927673879609404,0.37270176582043674,0.17559481063606058
powertrain,Flex Fuel (E85),vehicle_type,2019,0.26529614517889155,0.2512159047841412,0.23430432536209106,0.278690021636826,0.04438569627473493,0.3452685660489284,0.16772578094998866
powertrain,Flex Fuel (E85),vehicle_type,2020,0.2808544575293471,0.2658778154832181,0.2403251880185735,0.30292827262524236,0.06260308460666886,0.39683289953524564,0.1464205611085702
powertrain,Hybrid Electric (HEV),vehicle_type,2018,0.5858503764216665,0.5750386714218193,0.5251505021750782,0.6338890900708375,0.1087385878957593,0.7969969719144765,0.36204262033143925
powertrain,Hybrid Electric (HEV),vehicle_type,2019,0.5847094188015534,0.5704894083272462,0.5153581883117241,0.6385567508227474,0.12319856251102335,0.8233545945892824,0.33056034454518907
powertrain,Hybrid Electric (HEV),vehicle_type,2021,0.3331177991320704,0.32111613817714707,0.2963048107882037,0.35274311552717885,0.056438304738975154,0.4374005726356416,0.21164735367974097
powertrain,Hybrid Electric (HEV),vehicle_type,2020,0.47023577283644785,0.4581282735668061,0.4452968321056788,0.4798985388227106,0.03460170671703183,0.5318010988982583,0.393394272030131
powertrain,Battery Electric (BEV),vehicle_type,2020,0.6878274565677696,0.645856841811814,0.5761940599291806,0.747599451303155,0.17140539137397437,1.0047075383641166,0.31908597286821905
powertrain,Plug-In Hybrid Electric (PHEV),vehicle_type,2019,0.6354895619315298,0.6077254539858418,0.52,0.6988113108036837,0.17881131080368373,0.9670282770092093,0.2517830337944744
powertrain,Plug-In Hybrid Electric (PHEV),vehicle_type,2020,0.6140633026608443,0.5751770095793419,0.4987755102040816,0.7072453778725882,0.20846986766850661,1.019950179375348,0.1860707087013217
powertrain,Plug-In Hybrid Electric (PHEV),vehicle_type,2021,0.5708185547703277,0.5317786922725194,0.4668370418585496,0.6503300796538249,0.18349303779527537,0.9255696363467381,0.19159748516563652
powertrain,Battery Electric (BEV),vehicle_type,2021,0.5437257270763594,0.5109730587659553,0.5015712408173061,0.53955078125,0.037979540432693915,0.5965200918990409,0.4446019301682652
powertrain,Battery Electric (BEV),vehicle_type,2019,0.7636645846047291,0.7491349480968859,0.6533671650243564,0.8551515035945159,0.20178433857015943,1.157828011449755,0.3506906571691173
powertrain,Battery Electric (BEV),vehicle_type,2018,0.9574161377129807,0.9668867883014233,0.939453125,1,0.060546875,1.0908203125,0.8486328125
powertrain,Plug-In Hybrid Electric (PHEV),vehicle_type,2024,0.4410428029206253,0.40264162503534734,0.37069551715719695,0.47150914632879926,0.1008136291716023,0.6227295900862027,0.2194750733997935
powertrain,Plug-In Hybrid Electric (PHEV),vehicle_type,2022,0.5023215218354004,0.4624,0.40057391858858543,0.5555555555555556,0.15498163696697015,0.7880280110060108,0.1681014631381302
powertrain,Fuel Cell,vehicle_type,2019,0.9062249984618904,1,0.7756345007326539,1,0.22436549926734606,1.336548248901019,0.43908625183163486
powertrain,Fuel Cell,vehicle_type,2022,0.8403470676810133,1,0.7009697125037379,1,0.29903028749626215,1.4485454312443933,0.25242428125934463
powertrain,Fuel Cell,vehicle_type,2021,0.9634859685634788,1,0.997300949598247,1,0.0026990504017530004,1.0040485756026296,0.9932523739956175
powertrain,Fuel Cell,vehicle_type,2024,0.8580690367467358,1,0.7775855440215302,1,0.22241445597846976,1.3336216839677046,0.4439638600538256
powertrain,Fuel Cell,vehicle_type,2018,0.9929431110785668,1,1,1,0,1,1
powertrain,Fuel Cell,vehicle_type,2025,0.8450913278483242,1,0.75830078125,1,0.24169921875,1.362548828125,0.395751953125
powertrain,Fuel Cell,vehicle_type,2020,0.9122911777693736,1,0.8026590991426155,1,0.19734090085738454,1.2960113512860767,0.5066477478565387
powertrain,Fuel Cell,vehicle_type,2023,0.7556539696854689,0.7616877040654455,0.510204081632653,1,0.48979591836734704,1.7346938775510206,-0.2244897959183676
powertrain,Battery Electric (BEV),price_bin,2022,0.22428199036952412,0.20263344856885943,0.18888095496568735,0.21729010861618572,0.02840915365049837,0.25990383909193326,0.14626722448993978
powertrain,Battery Electric (BEV),price_bin,2023,0.19757522621272186,0.1809422805133134,0.17214325171020387,0.1955714018403637,0.023428150130159836,0.23071362703560344,0.1370010265149641
powertrain,Battery Electric (BEV),price_bin,2024,0.19267352782577868,0.17316916227885878,0.16305719077878442,0.1995464413839483,0.03648925060516389,0.25428031729169415,0.10832331487103858
powertrain,Battery Electric (BEV),price_bin,2025,0.38616688507229396,0.3759156913762337,0.3590967543692039,0.39961936916139856,0.040522614792194656,0.46040329134969055,0.2983128321809119
powertrain,Diesel,price_bin,2022,0.18016159400955403,0.16974084836434533,0.15629696827802364,0.18914079499208197,0.03284382671405833,0.23840653506316947,0.10703122820693614
powertrain,Plug-In Hybrid Electric (PHEV),price_bin,2023,0.21813101112638816,0.17935650604754194,0.16055535777856889,0.21005136748576977,0.04949600970720089,0.2842953820465711,0.08631134321776755
powertrain,Hybrid Electric (HEV),price_bin,2024,0.20954350700538174,0.19223563009542088,0.1804120264856031,0.21035301775282617,0.029940991267223077,0.2552645046536608,0.1355005395847685
powertrain,Hybrid Electric (HEV),price_bin,2022,0.1994630464395966,0.18141282162045175,0.1691221694062699,0.2091632310052932,0.04004106159902329,0.26922482340382814,0.10906057700773496
powertrain,Gasoline,price_bin,2022,0.19005905122819886,0.1854048021279882,0.17903068682041867,0.195707013532027,0.01667632671160832,0.22072150359943948,0.1540161967530062
powertrain,Gasoline,price_bin,2023,0.18883604698038592,0.1838804152503934,0.17808346058733596,0.1924757372105967,0.01439227662326073,0.2140641521454878,0.15649504565244488
powertrain,Gasoline,price_bin,2024,0.189387948860268,0.18358640004090948,0.17774942569505997,0.19297072228816325,0.015221296593103284,0.21580266717781818,0.15491748080540504
powertrain,Gasoline,price_bin,2025,0.3746366573960068,0.37286464991324497,0.36597250930967823,0.37973410211702324,0.013761592807345013,0.40037649132804076,0.3453301200986607
powertrain,Diesel,price_bin,2023,0.1635823365503664,0.15580737981022882,0.14608821467252295,0.16855059604181938,0.02246238136929643,0.202244168095764,0.1123946426185783
powertrain,Diesel,price_bin,2025,0.3845628793255081,0.3790030245746692,0.3654877668871886,0.3972001140640736,0.03171234717688498,0.44476863482940104,0.3179192461218611
powertrain,Diesel,price_bin,2024,0.16628291403351994,0.15887979146381853,0.150469474979322,0.17201166180758018,0.021542186828258175,0.20432494204996743,0.11815619473693474
powertrain,Hybrid Electric (HEV),price_bin,2025,0.3742219205304145,0.3667013198564604,0.35394211330853914,0.3818191414650618,0.027877028156522654,0.4236346836998458,0.3121265710737552
powertrain,Flex Fuel (E85),price_bin,2024,0.2931774087551123,0.2912706508477182,0.27376897010817913,0.30298819136821226,0.029219221260033124,0.3468170232582619,0.22994013821812945
powertrain,Flex Fuel (E85),price_bin,2022,0.24252095019499445,0.24311622250248904,0.22067911114439404,0.2624441161553831,0.041765005010989065,0.3250916236718667,0.15803160362791044
powertrain,Flex Fuel (E85),price_bin,2023,0.27302360990832597,0.27416316076133906,0.24993715091879065,0.2941204760388224,0.04418332512003176,0.36039546371887005,0.18366216323874301
powertrain,Flex Fuel (E85),price_bin,2025,0.3703867803521898,0.36332362936510004,0.3551721198044042,0.373572392005641,0.0184002722012368,0.40117280030749625,0.32757171150254905
powertrain,Plug-In Hybrid Electric (PHEV),price_bin,2025,0.394094738614993,0.37316030871815653,0.3449410741382234,0.40663189604980576,0.06169082191158237,0.4991681289171793,0.25240484127084983
powertrain,Hybrid Electric (HEV),price_bin,2023,0.20931402536459925,0.19339599842019295,0.18074266132767383,0.2120084291060979,0.031265767778424075,0.25890708077373403,0.13384400966003773
powertrain,Gasoline,price_bin,2018,0.18381089780621737,0.18240678618672374,0.17357808073833766,0.18968483588590343,0.016106755147565766,0.21384496860725208,0.14941794801698902
powertrain,Gasoline,price_bin,2019,0.18441220266071562,0.18286066221708883,0.17466118580103568,0.18947346281922403,0.014812277018188352,0.21169187834650655,0.15244277027375314
powertrain,Plug-In Hybrid Electric (PHEV),price_bin,2018,0.3323085798367745,0.2948484747235122,0.25477022305831765,0.3665819054638979,0.11181168240558026,0.5342994290722682,0.08705269944994726
powertrain,Gasoline,price_bin,2020,0.1820132070374423,0.17951143425391342,0.1723913705651905,0.18589576800422258,0.01350439743903209,0.20615236416277072,0.15213477440664236
powertrain,Gasoline,price_bin,2021,0.18235536992095047,0.179160115799175,0.17334838433587163,0.18690805391017729,0.013559669574305655,0.20724755827163577,0.15300887997441315
powertrain,Diesel,price_bin,2019,0.19037809319418425,0.1718212325856075,0.15978916644584112,0.2015459776440035,0.04175681119816238,0.2641811944412471,0.09715394964859755
powertrain,Diesel,price_bin,2020,0.1726989861192145,0.1600216040860024,0.15053932645825668,0.17697529120805555,0.026435964749798868,0.21662923833275385,0.11088537933355838
powertrain,Diesel,price_bin,2018,0.1670975283884797,0.15842570462073505,0.1512300171753204,0.1677365277085168,0.016506510533196406,0.1924962935083114,0.12647025137552578
powertrain,Diesel,price_bin,2021,0.18353961435467167,0.17494422551656552,0.15691509373991214,0.1949532308683942,0.03803813712848206,0.25201043656111727,0.09985788804718905
powertrain,Flex Fuel (E85),price_bin,2018,0.21999502069957202,0.2175332934915161,0.2069113015580687,0.22887583005463108,0.021964528496562385,0.26182262279947466,0.17396450881322512
powertrain,Flex Fuel (E85),price_bin,2021,0.22450228981733164,0.2214741783806808,0.20671116561733507,0.23831407752668826,0.03160291190935319,0.28571844539071806,0.1593067977533053
powertrain,Flex Fuel (E85),price_bin,2019,0.22547125847757402,0.22341780451211363,0.2087932860715586,0.23917718093429827,0.03038389486273968,0.2847530232284078,0.16321744377744907
powertrain,Flex Fuel (E85),price_bin,2020,0.23327211287785748,0.23040615294605568,0.2157294487646285,0.24567777988770084,0.029948331123072353,0.29060027657230936,0.17080695208001995
powertrain,Hybrid Electric (HEV),price_bin,2018,0.22245497187228216,0.20596221383975027,0.19056473046453626,0.2261764122601992,0.03561168179566293,0.27959393495369356,0.13714720777104186
powertrain,Hybrid Electric (HEV),price_bin,2019,0.2239197090622875,0.20363091941206776,0.191673579440014,0.2280025328656185,0.03632895342560449,0.28249596300402524,0.13718014930160727
powertrain,Hybrid Electric (HEV),price_bin,2021,0.18539566742977076,0.17374878724441448,0.16484289237477984,0.18871290906895302,0.023870016694173185,0.2245179341102128,0.12903786733352007
powertrain,Hybrid Electric (HEV),price_bin,2020,0.20101253820346981,0.18690268265221655,0.17640138408304498,0.19782455486957345,0.021423170786528473,0.22995931104936618,0.1442666279032523
powertrain,Battery Electric (BEV),price_bin,2020,0.23896593899446614,0.1893654880134012,0.16318894304510315,0.23140495867768598,0.06821601563258284,0.3337289821265602,0.06086491959622889
powertrain,Plug-In Hybrid Electric (PHEV),price_bin,2019,0.3102178535695124,0.27508650519031147,0.24826717076244487,0.3153336789518333,0.06706650818938842,0.4159334412359159,0.14766740847836224
powertrain,Plug-In Hybrid Electric (PHEV),price_bin,2020,0.3158319363634848,0.27158408143777313,0.2514792899408284,0.3221450617283951,0.07066577178756667,0.42814371940974505,0.1454806322594784
powertrain,Plug-In Hybrid Electric (PHEV),price_bin,2021,0.2892551875106555,0.25279850858177305,0.21361058601134217,0.3,0.08638941398865782,0.4295841209829867,0.08402646502835545
powertrain,Battery Electric (BEV),price_bin,2021,0.21639484062513079,0.1815796754605809,0.1672732948658067,0.21254732287723094,0.045274028011424244,0.2804583648943673,0.09936225284867033
powertrain,Battery Electric (BEV),price_bin,2019,0.2669456681440621,0.20671128287303234,0.18367346938775508,0.26772128969931164,0.08404782031155655,0.39379302016664647,0.057601738920420253
powertrain,Battery Electric (BEV),price_bin,2018,0.33121548686059493,0.27978182377950783,0.2365819574556182,0.3553719008264462,0.11878994337082802,0.5335568158826882,0.05839704239937618
powertrain,Plug-In Hybrid Electric (PHEV),price_bin,2024,0.24094539434493942,0.2066795065175335,0.18987670533725254,0.2385786594753274,0.04870195413807485,0.3116315906824397,0.11682377413014026
powertrain,Plug-In Hybrid Electric (PHEV),price_bin,2022,0.2608116424300322,0.2084216537775134,0.18674556213017757,0.25807155652697256,0.07132599439679499,0.36506054812216504,0.07975657053498508
powertrain,Fuel Cell,price_bin,2019,0.7300294879018221,0.6506336203878736,0.5,1,0.5,1.75,-0.25
powertrain,Fuel Cell,price_bin,2022,0.7559159920442723,0.6696996881541288,0.5340954175758779,1,0.46590458242412214,1.698856873636183,-0.16476145606030534
powertrain,Fuel Cell,price_bin,2021,0.7430116865799952,0.625,0.53125,1,0.46875,1.703125,-0.171875
powertrain,Fuel Cell,price_bin,2024,0.7812897869647392,0.7428833792470158,0.621511005353956,1,0.378488994646044,1.567733491969066,0.05377751338489001
powertrain,Fuel Cell,price_bin,2018,0.9426442202685549,0.9487534626038783,0.9253003003003003,1,0.0746996996996997,1.1120495495495495,0.8132507507507507
powertrain,Fuel Cell,price_bin,2025,0.7064875221039427,0.5006402006886439,0.49070247933884303,1,0.509297520661157,1.7639462809917354,-0.2732438016528924
powertrain,Fuel Cell,price_bin,2020,0.6531575246306933,0.5850742663929478,0.3319160997732426,1,0.6680839002267573,2.002125850340136,-0.6702097505668934
powertrain,Fuel Cell,price_bin,2023,0.7837655728169028,0.7794952619625657,0.6625506645301158,1,0.3374493354698842,1.5061740032048263,0.1563766613252895
vehicle_type,CUV,make,2022,0.09041272025550588,0.07347443717784707,0.06544072432573,0.09084527388281585,0.025404549557085848,0.1289520982184446,0.027333899990101232
vehicle_type,CUV,make,2023,0.0928737663991481,0.07495098091654924,0.06753932440493185,0.0928161607288058,0.025276836323873952,0.13073141521461673,0.02962406991912092
vehicle_type,CUV,make,2024,0.09481914879070882,0.07681561150879546,0.06952092651282896,0.09444941495199045,0.024928488439161497,0.1318421476107327,0.03212819385408671
vehicle_type,CUV,make,2025,0.09789699310379221,0.07974362485568068,0.07199384536568901,0.0972038380027541,0.025209992637065096,0.13501882695835174,0.034178856410091364
vehicle_type,Car,make,2022,0.10884774835324888,0.09559497127075478,0.0885646915194898,0.10960951680316086,0.021044825283671062,0.14117675472866745,0.056997453593983206
vehicle_type,Car,make,2023,0.11480039177728092,0.10261064408673898,0.09214001335567633,0.11925356053211107,0.027113547176434744,0.1599238812967632,0.05146969259102421
vehicle_type,Car,make,2024,0.12123989513913554,0.1089432758338719,0.09628846497972342,0.13004716290894913,0.033758697929225714,0.1806852098027877,0.045650418085884846
vehicle_type,Car,make,2025,0.13489934997430128,0.12068553629933954,0.1057128513672774,0.14873648271471376,0.043023631347436364,0.2132719297358683,0.04117740434612285
vehicle_type,Pickup,make,2022,0.21219823906402774,0.19672848824710665,0.1870242321611125,0.21493059043860627,0.02790635827749377,0.2567901278548469,0.14516469474487184
vehicle_type,Pickup,make,2023,0.20961618342265373,0.19762842327936703,0.18590728685633234,0.21435756865339411,0.02845028179706177,0.2570329913489868,0.14323186416073969
vehicle_type,Pickup,make,2025,0.21903378896651682,0.2030418164426664,0.18952889238931422,0.2255284169442873,0.03599952455497307,0.2795277037767469,0.13552960555685462
vehicle_type,SUV,make,2022,0.21467057894347094,0.2047121280200186,0.17204194523751823,0.2408936968124464,0.06885175157492818,0.34417132417483864,0.06876431787512596
vehicle_type,SUV,make,2024,0.1973971564198059,0.1870896921000441,0.1568485306067877,0.2221762592945687,0.065327728687781,0.3201678523262402,0.05885693757511619
vehicle_type,Minivan,make,2024,0.2725522809735389,0.252309515169777,0.2294238321850487,0.28970275117986655,0.060278918994817854,0.3801211296720933,0.1390054536928219
vehicle_type,Minivan,make,2025,0.2849272558769065,0.26109390494147267,0.23518025687454358,0.31338166973550236,0.07820141286095877,0.4306837890269405,0.11787813758310542
vehicle_type,SUV,make,2025,0.1952324516433543,0.1789528839703471,0.1560170902271556,0.21737113057733903,0.061354040350183436,0.3094021911026142,0.06398602970188044
vehicle_type,Pickup,make,2024,0.21381284775438,0.2011052361186908,0.1870482270962974,0.22203864588905536,0.034990418792757966,0.2745242740781923,0.13456259890716044
vehicle_type,SUV,make,2023,0.20029699713908045,0.18868634154870484,0.16043980977331027,0.2259355044368841,0.06549569466357383,0.3241790464322448,0.062196267777949524
vehicle_type,Minivan,make,2023,0.259565087350967,0.24117922259229324,0.2212697329073281,0.2711537430998543,0.049884010192526196,0.3459797583886436,0.1464437176185388
vehicle_type,Minivan,make,2022,0.24918388442032421,0.23002657230640652,0.21450885295967906,0.2637662250726205,0.04925737211294143,0.3376522832420326,0.1406227947902669
vehicle_type,SUV,make,2018,0.23620023340878493,0.22656151596822507,0.18527862448874738,0.26825440548704294,0.08297578099829556,0.39271807698448624,0.060814952991304044
vehicle_type,SUV,make,2019,0.23867012818385058,0.22150420128901716,0.1792693319205257,0.2847996568836784,0.10553032496315273,0.4430951443284075,0.020973844475796588
vehicle_type,Car,make,2018,0.1126712191292014,0.09466959002880578,0.08734621411653642,0.1093436719507696,0.02199745783423318,0.14233985870211938,0.054350027365186654
vehicle_type,Minivan,make,2018,0.23424742415972205,0.21355325728765107,0.19786797662160713,0.2400907692378248,0.04222279261621767,0.3034249581621513,0.13453378769728064
vehicle_type,Minivan,make,2020,0.2429035437023616,0.22318523719105268,0.20754177184097225,0.2528,0.045258228159027775,0.3206873422385417,0.13965442960243057
vehicle_type,Car,make,2019,0.11251760064824083,0.09787845480015055,0.08881475123197674,0.11046450672871427,0.021649755496737533,0.14293913997382057,0.05634011798687044
vehicle_type,Car,make,2021,0.10749135548200783,0.09509173011597107,0.08760188116041291,0.10838020696121015,0.020778325800797234,0.139547695662406,0.05643439245921706
vehicle_type,Car,make,2020,0.11078463961112117,0.09730334570259913,0.08870138854149855,0.11008461088026092,0.021383222338762373,0.14215944438840447,0.05662655503335499
vehicle_type,Pickup,make,2019,0.22326793327126643,0.2102174849852947,0.1997023883688209,0.22716372595719775,0.02746133758837685,0.268355732339763,0.1585103819862556
vehicle_type,Pickup,make,2018,0.2219620137350784,0.20754954615576715,0.19701490272765498,0.22859660032195617,0.031581697594301184,0.27596914671340794,0.1496423563362032
vehicle_type,Pickup,make,2021,0.20887277874406682,0.19702496861589036,0.18854659516770844,0.2128653992167862,0.02431880404907777,0.24934360529040286,0.1520683890940918
vehicle_type,Pickup,make,2020,0.21985812236004917,0.20693849672430398,0.19737229416693428,0.22347344909149805,0.026101154924563774,0.2626251814783437,0.15822056178008861
vehicle_type,CUV,make,2019,0.09469021446432846,0.07497705038869108,0.06704547095152086,0.09459238245252408,0.02754691150100322,0.1359127497040289,0.02572510370001603
vehicle_type,CUV,make,2020,0.09574229136186363,0.07702394485281251,0.06863315956770438,0.09560911380161229,0.026975954233907903,0.13607304515247415,0.028169228216842528
vehicle_type,CUV,make,2021,0.09133556255289611,0.07438615942242396,0.06658284563788845,0.08961375731703783,0.023030911679149377,0.12416012483576189,0.03203647811916439
vehicle_type,CUV,make,2018,0.09046041663409946,0.07185640178793112,0.06412558889165836,0.0904509604942228,0.026325371602564443,0.12993901789806947,0.02463753148781169
vehicle_type,SUV,make,2021,0.23304284029433364,0.2217959244875014,0.1838365500079095,0.26423271936344406,0.08039616935553456,0.3848269733967459,0.06324229597460765
vehicle_type,SUV,make,2020,0.23998949553902513,0.22416549832566607,0.18331563039342766,0.28088193666138866,0.097566306267961,0.42723139606333016,0.036966170991486164
vehicle_type,Minivan,make,2019,0.2420619544558202,0.22182506254632478,0.2078612941674809,0.2501602470718489,0.042298952904368026,0.31360867642840096,0.14441286481092885
vehicle_type,Minivan,make,2021,0.24935419174899653,0.23039256198347105,0.21438458897596366,0.266509327846365,0.05212473887040134,0.344696436151967,0.13619748067036164
vehicle_type,CUV,powertrain,2022,0.8746332735999476,0.887580857946723,0.858840822390792,0.904060861087821,0.045220038697029064,0.9718909191333647,0.7910107643452484
vehicle_type,CUV,powertrain,2023,0.8415197476571235,0.8627303040335308,0.8335961835714677,0.8814794656978988,0.047883282126431115,0.9533043888875454,0.761771260381821
vehicle_type,CUV,powertrain,2024,0.7974872725462996,0.8225605536332179,0.7858888735115609,0.8449576000239943,0.059068726512433445,0.9335606897926445,0.6972857837429107
vehicle_type,CUV,powertrain,2025,0.777480325476078,0.799317154239206,0.7490736091285626,0.8291914867605478,0.08011787763198519,0.9493683032085256,0.6288967926805848
vehicle_type,Car,powertrain,2022,0.8210572396877331,0.8346210451620105,0.7876601875509113,0.8640130367606611,0.07635284920974983,0.9785423105752858,0.6731309137362865
vehicle_type,Car,powertrain,2023,0.7979338142463597,0.8128265836184262,0.7682036719702809,0.8456401083981029,0.07743643642782194,0.9617947630398358,0.652049017328548
vehicle_type,Car,powertrain,2024,0.7945416991771976,0.8102516118733987,0.763295288715173,0.8430936434729699,0.07979835475779684,0.9627911756096652,0.6435977565784778
vehicle_type,Car,powertrain,2025,0.7963906179691118,0.8107123726109446,0.7638385660111031,0.8438346218226642,0.0799960558115611,0.9638287055400059,0.6438444822937615
vehicle_type,Pickup,powertrain,2022,0.6265513904319996,0.6245220470862505,0.5807739560751861,0.6730423953375747,0.09226843926238859,0.8114450542311575,0.44237129718160323
vehicle_type,Pickup,powertrain,2023,0.6560020397723682,0.6520926640377035,0.6088983511324481,0.7055854093368599,0.09668705820441181,0.8506159966434776,0.46386776382583034
vehicle_type,Pickup,powertrain,2025,0.7181336079613773,0.7178700377068085,0.6778510086637671,0.7618197531489592,0.08396874448519209,0.8877728698767473,0.5518978919359789
vehicle_type,SUV,powertrain,2022,0.7888470850772444,0.7890413658729278,0.7641706859771653,0.811501954129091,0.047331268151925676,0.8824988563569796,0.6931737837492769
vehicle_type,SUV,powertrain,2024,0.8311370108761642,0.8314844404177739,0.8136967963728382,0.8512420452271906,0.0375452488543524,0.9075599185087192,0.7573789230913096
vehicle_type,Minivan,powertrain,2024,0.5058709322464544,0.5009523809523809,0.462728471958868,0.5366053248569755,0.07387685289810753,0.6474206042041368,0.3519131926117067
vehicle_type,Minivan,powertrain,2025,0.49087743878918716,0.4743181654299372,0.4476118976982355,0.516979556461599,0.06936765876336348,0.6210310446066443,0.3435604095531903
vehicle_type,SUV,powertrain,2025,0.8421971980557362,0.8461351670943118,0.8181951756668722,0.8677200805800105,0.04952490491313832,0.942007437949718,0.7439078182971647
vehicle_type,Pickup,powertrain,2024,0.6941434005419137,0.6932467761775375,0.6533694127380861,0.7399365754268783,0.08656716268879217,0.8697873194600665,0.5235186687048978
vehicle_type,SUV,powertrain,2023,0.8101311469002284,0.8116385237221047,0.793822502598616,0.8290642386495144,0.03524173605089842,0.881926842725862,0.7409598985222683
vehicle_type,Minivan,powertrain,2023,0.4980879950338406,0.49262417714524415,0.4594481297087546,0.5302351814973432,0.07078705178858857,0.636415759180226,0.35326755202587173
vehicle_type,Minivan,powertrain,2022,0.46921742998256527,0.46637229441032263,0.44163423931560297,0.4879821776379776,0.046347938322374604,0.5575040851215395,0.37211233183204107
vehicle_type,SUV,powertrain,2018,0.6828786664242922,0.6866906283439244,0.6564577915867418,0.7074298666911645,0.0509720751044227,0.7838879793477985,0.5799996789301077
vehicle_type,SUV,powertrain,2019,0.7397056190475976,0.7450015686175376,0.7151946787001874,0.7705804696654235,0.055385790965236104,0.8536591561132776,0.6321159922523332
vehicle_type,Car,powertrain,2018,0.7906784982612304,0.8080518084430494,0.7529388903948342,0.8359290533112357,0.08299016291640149,0.9604142976858379,0.6284536460202319
vehicle_type,Minivan,powertrain,2018,0.5734549560822186,0.5634136230221535,0.5213012546076414,0.6087515593953629,0.08745030478772142,0.7399270165769449,0.3901257974260593
vehicle_type,Minivan,powertrain,2020,0.5609985623576121,0.5458113262738451,0.5123204290941172,0.591705368320677,0.07938493922655976,0.7107827771605166,0.3932430202542776
vehicle_type,Car,powertrain,2019,0.7779542104299325,0.7925915463449583,0.7281402729889814,0.8286901696763771,0.10054989668739567,0.9795150147074706,0.5773154279578879
vehicle_type,Car,powertrain,2021,0.7985821751032323,0.8125585785989518,0.763880803440012,0.8506320986525875,0.08675129521257552,0.9807590414714508,0.6337538606211487
vehicle_type,Car,powertrain,2020,0.7916674643850089,0.8057788833532594,0.7516703139103709,0.8419239485288282,0.09025363461845737,0.9773044004565143,0.6162898619826849
vehicle_type,Pickup,powertrain,2019,0.5995526867400409,0.5941167189803697,0.5536741268947393,0.6326032291981076,0.07892910230336836,0.7509968826531601,0.43528047343968673
vehicle_type,Pickup,powertrain,2018,0.5755352798674158,0.5672047024995889,0.5360418190043426,0.6051974623552483,0.06915564335090574,0.7089309273816069,0.43230835397798395
vehicle_type,Pickup,powertrain,2021,0.6126762189546022,0.6054496549386186,0.5712082601704771,0.6578286087006174,0.08662034853014033,0.7877591314958279,0.4412777373752666
vehicle_type,Pickup,powertrain,2020,0.6217568184417375,0.6154948082684054,0.5792748820228893,0.6576217990620824,0.07834691703919305,0.775142174620872,0.46175450646409977
vehicle_type,CUV,powertrain,2019,0.8598684879806425,0.8609388865103992,0.8380271383962561,0.886961907083804,0.04893476868754787,0.9603640601151258,0.7646249853649343
vehicle_type,CUV,powertrain,2020,0.8579784444831615,0.8662892048380059,0.8353821996479859,0.8878773609091796,0.05249516126119369,0.9666201028009701,0.7566394577561953
vehicle_type,CUV,powertrain,2021,0.8580753801233909,0.8711835560880439,0.8392467601543689,0.8922528411020856,0.05300608094771664,0.9717619625236605,0.759737638732794
vehicle_type,CUV,powertrain,2018,0.8641153929614779,0.8678745648806073,0.8406555735443064,0.8901918055345505,0.04953623199024404,0.9644961535199166,0.7663512255589404
vehicle_type,SUV,powertrain,2021,0.7899563724844182,0.7925137883663809,0.7628497238819354,0.8154398890856283,0.05259016520369286,0.8943251368911675,0.6839644760763961
vehicle_type,SUV,powertrain,2020,0.8008259635824624,0.8031957881191691,0.7724028696524399,0.8364956591057732,0.0640927894533333,0.9326348432857732,0.67626368547244
vehicle_type,Minivan,powertrain,2019,0.592690604459961,0.5832526039178548,0.5314083102493075,0.6343335075059902,0.1029251972566827,0.7887213033910142,0.3770205143642834
vehicle_type,Minivan,powertrain,2021,0.4686550588889458,0.46340944644369025,0.4344100092657946,0.49230814055124983,0.057898131285455234,0.5791553374794327,0.34756281233761177
vehicle_type,CUV,price_bin,2022,0.22705760400079694,0.2203543814885314,0.2081553775796354,0.23469007998225155,0.026534702402616156,0.2744921335861758,0.16835332397571118
vehicle_type,CUV,price_bin,2023,0.22098935171102033,0.21230769223011914,0.20169741117462356,0.22899297577802938,0.02729556460340582,0.2699363226831381,0.16075406426951483
vehicle_type,CUV,price_bin,2024,0.21977355189626524,0.2099475883033566,0.19846201523917287,0.2278509047562,0.029388889517027145,0.27193423903174074,0.15437868096363216
vehicle_type,CUV,price_bin,2025,0.38093735053839,0.3768727698533735,0.37143913311141896,0.385230500625372,0.013791367513953046,0.4059175518963016,0.3507520818404894
vehicle_type,Car,price_bin,2022,0.2594548180390394,0.25132413833062556,0.23972748457525417,0.2666977694449115,0.026970284869657357,0.30715319674939756,0.19927205727076813
vehicle_type,Car,price_bin,2023,0.26218828556728196,0.2522245444586624,0.24159982483561893,0.2693844879742083,0.02778466313858935,0.3110614826820923,0.1999228301277349
vehicle_type,Car,price_bin,2024,0.2608728354951297,0.2489765630130003,0.23697268898357596,0.264755784134674,0.02778309515109803,0.30643042686132105,0.19529804625692893
vehicle_type,Car,price_bin,2025,0.37549881864919415,0.37224153602238813,0.36220168650677065,0.38222536572939464,0.02002367922262399,0.41226088456333065,0.3321661676728347
vehicle_type,Pickup,price_bin,2022,0.18400722318902968,0.17960794729899882,0.17188792566870362,0.18932293791366075,0.017435012244957138,0.21547545628109646,0.1457354073012679
vehicle_type,Pickup,price_bin,2023,0.17568608281028117,0.16975299734960786,0.16392665704313697,0.17886656627105657,0.014939909227919601,0.20127643011293597,0.14151679320125757
vehicle_type,Pickup,price_bin,2025,0.37798999792690724,0.3767070273550064,0.36776658292926234,0.3845436076508142,0.016777024721551848,0.40970914473314196,0.34260104584693457
vehicle_type,SUV,price_bin,2022,0.16147514859407758,0.15515845928351596,0.15092661485728776,0.16314214604481092,0.012215531187523165,0.18146544282609567,0.132603318076003
vehicle_type,SUV,price_bin,2024,0.15777465693900644,0.15006958247405044,0.14617664487153853,0.1585847808047975,0.012408135933258957,0.17719698470468592,0.1275644409716501
vehicle_type,Minivan,price_bin,2024,0.2187612605577227,0.20379423845995787,0.1923779260235251,0.22359965206354748,0.03122172604002238,0.27043224112358105,0.14554533696349153
vehicle_type,Minivan,price_bin,2025,0.36131361935805345,0.3580634440895417,0.34392208112187483,0.37001855947957657,0.026096478357701736,0.4091632770161292,0.30477736358532226
vehicle_type,SUV,price_bin,2025,0.38013552242338633,0.37935086238209237,0.3676388234600257,0.3890637231129645,0.02142489965293881,0.4212010725923727,0.33550147398061747
vehicle_type,Pickup,price_bin,2024,0.1725846124540492,0.1671549831723246,0.1623191247053441,0.1743287963021749,0.012009671596830807,0.19234330369742111,0.1443046173100979
vehicle_type,SUV,price_bin,2023,0.1580517020507258,0.1511520179279858,0.1473237770798429,0.15795495615434027,0.010631179074497371,0.17390172476608634,0.13137700846809686
vehicle_type,Minivan,price_bin,2023,0.20961777637481288,0.19563150722961536,0.1872841676195307,0.20855269723920147,0.021268529619670767,0.2404554916687076,0.15538137319002454
vehicle_type,Minivan,price_bin,2022,0.2087508298059363,0.19566334691505946,0.18725914300908778,0.20639822854146028,0.019139085532372507,0.23510685684001903,0.158550514710529
vehicle_type,SUV,price_bin,2018,0.1605036638556931,0.1550253030937252,0.1498078295869882,0.1631396417306542,0.013331812143665994,0.1831373599461532,0.12981011137148923
vehicle_type,SUV,price_bin,2019,0.16340492184462824,0.15775765575644185,0.15235197144468746,0.16668956279116282,0.014337591346475359,0.18819594981087584,0.1308455844249744
vehicle_type,Car,price_bin,2018,0.26598275768679575,0.26470314156251096,0.24562248193989866,0.2812166260839848,0.035594144144086126,0.334607842300114,0.19223126572376947
vehicle_type,Minivan,price_bin,2018,0.20583886125147516,0.1933825747361167,0.18582154956271685,0.2060374263581213,0.020215876795404458,0.236361241551228,0.15549773436961017
vehicle_type,Minivan,price_bin,2020,0.21284626331807074,0.19877851821000506,0.19074017075416264,0.21320478210184884,0.02246461134768621,0.24690169912337817,0.15704325373263334
vehicle_type,Car,price_bin,2019,0.27138546066904495,0.2669045173094738,0.2501236064139792,0.28596169540769334,0.03583808899371416,0.33971882889826455,0.19636647292340795
vehicle_type,Car,price_bin,2021,0.2573957001953476,0.25087776700719916,0.23823089654675245,0.26595129145338237,0.02772039490662992,0.30753188381332724,0.19665030418680757
vehicle_type,Car,price_bin,2020,0.26748334592799106,0.2615356527573754,0.24667343064394637,0.2770760692034808,0.030402638559534456,0.32268002704278254,0.20106947280464468
vehicle_type,Pickup,price_bin,2019,0.19610268617210833,0.1909671956542821,0.1838480564429371,0.20308179898973544,0.019233742546798327,0.23193241280993293,0.15499744262273962
vehicle_type,Pickup,price_bin,2018,0.1971541394945778,0.19216704618954364,0.18347896247953582,0.20444405889346945,0.020965096413933626,0.2358917035143699,0.15203131785863538
vehicle_type,Pickup,price_bin,2021,0.19018880763673113,0.18554796240448132,0.17799681213257518,0.1963628027681661,0.018365990635590912,0.22391178872155246,0.1504478261791888
vehicle_type,Pickup,price_bin,2020,0.18995568432977916,0.18507522804198095,0.1785005153868291,0.19479659763313611,0.01629608224630702,0.21924072100259664,0.15405639201736857
vehicle_type,CUV,price_bin,2019,0.21776997840382212,0.20905714171658563,0.19479449172993207,0.2297332324469191,0.03493874071698702,0.2821413435223996,0.14238638065445153
vehicle_type,CUV,price_bin,2020,0.2165893277992982,0.20814974286737173,0.19612599500200317,0.22675996197875026,0.030633966976747085,0.2727109124438709,0.15017504453688255
vehicle_type,CUV,price_bin,2021,0.2187905717067052,0.21076695724703023,0.20104741792880632,0.22798084059678658,0.026933422667980267,0.268380974598757,0.16064728392683592
vehicle_type,CUV,price_bin,2018,0.22206941640798677,0.21373232094032305,0.20042235970915634,0.2325993232855161,0.03217696357635977,0.2808647686500558,0.1521569143446167
vehicle_type,SUV,price_bin,2021,0.16458341894761283,0.1596581028107423,0.154119072387315,0.16623201585830433,0.012112943470989318,0.1844014310647883,0.13594965718083102
vehicle_type,SUV,price_bin,2020,0.1624004257298503,0.1574448612930426,0.1515828419470459,0.16503021207240062,0.013447370125354713,0.18520126726043268,0.13141178675901383
vehicle_type,Minivan,price_bin,2019,0.21250912004068176,0.1982909698927015,0.18929486959675218,0.21208960731105903,0.022794737714306845,0.2462817138825193,0.1551027630252919
vehicle_type,Minivan,price_bin,2021,0.20337904211375332,0.19165999216422783,0.18316675148289138,0.20441658262571416,0.021249831142822778,0.23629132933994834,0.15129200476865723
price_bin,$50k-$60k,make,2022,0.1143333319951992,0.09086993883762237,0.08008060863495432,0.11895631235249864,0.03887570371754431,0.1772698679288151,0.021767053058637853
price_bin,$40k-$50k,make,2022,0.11866065335836816,0.09928910529154077,0.08695657061379809,0.12396095872659743,0.03700438811279934,0.17946754089579645,0.031449988444599085
price_bin,$50k-$60k,make,2023,0.1137395052693572,0.08822646789234355,0.07699708562650924,0.11873433310166712,0.041737247475157876,0.18134020431440392,0.014391214413772432
price_bin,$40k-$50k,make,2024,0.12214501279771597,0.1025304165987725,0.08822748485491996,0.1247181284458129,0.036490643590892935,0.1794540938321523,0.03349151946858056
price_bin,$30k-$40k,make,2024,0.12590698081407878,0.11057757734924617,0.09242790196163232,0.13524690002200568,0.042818998060373356,0.1994753971125657,0.028199404871072295
price_bin,$40k-$50k,make,2023,0.12300668180629062,0.10480591375796647,0.08751779408597753,0.13020406299846457,0.042686268912487044,0.19423346636719513,0.023488390717246968
price_bin,$40k-$50k,make,2025,0.1269525911613405,0.10558001189767996,0.0925866983145055,0.12935948485324414,0.03677278653873864,0.18451866466135208,0.03742751850639754
price_bin,$20k-$30k,make,2025,0.10975833449173489,0.09664594814200428,0.08492419635610096,0.11400069789754928,0.02907650154144832,0.15761545020972176,0.04130944404392848
price_bin,$30k-$40k,make,2025,0.13891136202953008,0.11955197154767676,0.10087526921504435,0.14729428968694294,0.046419020471898595,0.21692282039479083,0.03124673850719646
price_bin,$10k-$20k,make,2022,0.09155411153107372,0.08207998271280838,0.07747267556362822,0.09443157695147682,0.0169589013878486,0.11986992903324972,0.05203432348185532
price_bin,$20k-$30k,make,2023,0.10669906161960942,0.0958297345394295,0.08526819809256286,0.11295622635725444,0.027688028264691578,0.1544882687542918,0.0437361556955255
price_bin,$10k-$20k,make,2024,0.08796154720087543,0.08008274689100954,0.07531207230037898,0.08891566777177612,0.01360359547139714,0.10932106097887183,0.05490667909328327
price_bin,$20k-$30k,make,2022,0.10212629539852808,0.09233588728618418,0.08434619846021954,0.10241135076818991,0.018065152307970372,0.12950907923014549,0.05724846999826398
price_bin,$30k-$40k,make,2022,0.11224797364410109,0.09917237314905572,0.08350655676977711,0.11581285819863602,0.0323063014288589,0.16427231034192435,0.03504710462648876
price_bin,$30k-$40k,make,2023,0.11667309340303106,0.10228711054412068,0.08638923975876629,0.12125033291324781,0.03486109315448152,0.1735419726449701,0.03409760002704401
price_bin,$20k-$30k,make,2024,0.1087352329469527,0.09659622369594491,0.08612718930269121,0.11446322323130019,0.028336033928608978,0.15696727412421366,0.043623138409777745
price_bin,$50k-$60k,make,2024,0.1329195880974277,0.10738529050214375,0.0912120445502464,0.14161003862377725,0.05039799407353085,0.21720702973407352,0.015615053439950122
price_bin,$50k-$60k,make,2025,0.14605066448093998,0.11907434195117311,0.10080598036461001,0.15813397828946524,0.057327997924855226,0.24412597517674808,0.014813983477327167
price_bin,Other,make,2025,0.10474940998875215,0.090513168831975993,0.07992163075286848,0.11202886317550767,0.03210723242263919,0.16018971180946645,0.0317607821189097
price_bin,$0-$10k,make,2022,0.10952496464826113,0.0948725369180474,0.0864211675211556,0.11197660019103123,0.02555543266987563,0.15030974919584467,0.04808801851634215
price_bin,$60k-$70k,make,2022,0.13571137770285635,0.11072648077100695,0.08977886474880517,0.14977554778484467,0.0599966830360395,0.23977057233890392,-2.1615980525407918e-4
price_bin,$0-$10k,make,2023,0.1051769948880273,0.09107421875000003,0.08350527673857329,0.10820059299014002,0.024695316251566735,0.1452435673674901,0.04646230236122319
price_bin,$10k-$20k,make,2023,0.08931293686742292,0.08087956123549152,0.07641901181177839,0.09151887160794824,0.015099859796169846,0.114168661302203,0.05376922211752362
price_bin,$70k+,make,2022,0.14458879588708257,0.11422213501058145,0.09759828345050688,0.15707454882779562,0.05947626537728874,0.24628894689372874,0.008383885384573755
price_bin,$60k-$70k,make,2023,0.14000675247594624,0.11001622321673825,0.09073812643610994,0.15576329966677938,0.06502517323066943,0.25330105951278353,-0.006799633409894215
price_bin,$0-$10k,make,2024,0.09708417364650457,0.08510621223186121,0.07688025094513287,0.10012473422485957,0.023244483279726696,0.1349914591444496,0.04201352602554283
price_bin,$60k-$70k,make,2024,0.14654256973585078,0.1161430351457806,0.09287388388709508,0.16738384544652354,0.07450996155942846,0.2791487877856662,-0.01889105845204761
price_bin,$60k-$70k,make,2025,0.15200622428886465,0.12155047769111413,0.09968616473666476,0.1699291115269274,0.07024294679026265,0.2752935317123214,-0.0056782554487292
price_bin,$10k-$20k,make,2025,0.08822964368700707,0.07816922108584623,0.07370047146003281,0.08928141896589474,0.015580947505861933,0.11265284022468763,0.05032905020123991
price_bin,$0-$10k,make,2025,0.09716153495365877,0.08361141064601507,0.07460298730193798,0.09957677033542668,0.024973783033488697,0.13703744488565972,0.03714231275170494
price_bin,$70k+,make,2023,0.14839764633054034,0.11588600472714336,0.097801587910203,0.16151539036441578,0.06371380245421278,0.25708609404573496,0.002230884228883831
price_bin,$70k+,make,2025,0.15184324167972987,0.11470739199375199,0.09594003472909525,0.1615316339918625,0.06559159926276724,0.25991903288601337,-0.0024473641650556016
price_bin,$70k+,make,2024,0.14842480994818083,0.1132111490856606,0.09738439187522271,0.15688292959660158,0.059498537721378864,0.24613073617866987,0.00813658529315442
price_bin,$50k-$60k,make,2018,0.12420716341610409,0.09902309204742266,0.08258567640636987,0.13289939551042018,0.05031371910405032,0.20836997416649566,0.007115097750294383
price_bin,$60k-$70k,make,2018,0.12734533523677305,0.09553038906941325,0.08370753031773635,0.1363256191361853,0.05261808881844894,0.2152527523638587,0.004780397090062935
price_bin,$70k+,make,2018,0.1506520480874123,0.11429412429757232,0.09763134754421515,0.15647953734715675,0.0588481898029416,0.24475182205156915,0.009359062839802756
price_bin,$70k+,make,2019,0.15676145162586663,0.11858076322618666,0.10150088771694868,0.16294137337864606,0.06144048566169738,0.25510210187119214,0.009340159224402608
price_bin,$60k-$70k,make,2019,0.1370962824522672,0.10493690180501844,0.09288232947771936,0.14871898600655448,0.05583665652883511,0.23247397079980714,0.009127344684466701
price_bin,$40k-$50k,make,2018,0.126401397405557,0.10716451326697125,0.09449109356132344,0.13136977259592533,0.03687867903460189,0.18668779114782816,0.03917307500942061
price_bin,$30k-$40k,make,2018,0.11076479504239636,0.09382235186917359,0.08611001194016665,0.10776918500892325,0.0216591730687566,0.14025794461205815,0.05362125233703175
price_bin,$20k-$30k,make,2020,0.10141039107082826,0.08935526700257086,0.08085087191990563,0.10378600055294694,0.022935128633041313,0.1381886935025089,0.04644817897034366
price_bin,$20k-$30k,make,2018,0.10365598731008917,0.09024380736274674,0.08269768688400425,0.10119955575745566,0.018501868873451413,0.12895235906763278,0.05494488357382713
price_bin,$20k-$30k,make,2019,0.10401903826815556,0.09189500886440377,0.08249121902537475,0.10621587711826326,0.023724658092888512,0.14180286425759603,0.04690423188604198
price_bin,$20k-$30k,make,2021,0.10212661882704462,0.09186387545430465,0.08257363054996306,0.10469804359795834,0.022124413047995284,0.13788466316995127,0.04938701097797013
price_bin,$10k-$20k,make,2019,0.10123555744827063,0.09137507488312033,0.08530458048821807,0.10149180585825548,0.016187225370037417,0.1257726439133116,0.06102374243316194
price_bin,$30k-$40k,make,2019,0.11765841069446356,0.1015512041576998,0.09209664954496082,0.11856778707028101,0.026471137525320196,0.1582744933582613,0.05238994325698052
price_bin,$40k-$50k,make,2021,0.11483408069160624,0.09873211740531287,0.08770874227844903,0.11804956110266024,0.030340818824211205,0.16356078933897705,0.04219751404213223
price_bin,$10k-$20k,make,2021,0.09360332691049794,0.08554136208903712,0.07986449035610695,0.0938140677848249,0.013949577428717955,0.11473843392790184,0.058940124213030014
price_bin,$0-$10k,make,2021,0.10611650642509593,0.09199207437890568,0.08663292725980119,0.1051851851851852,0.018552257925384008,0.1330135720732612,0.05880454037172518
price_bin,$0-$10k,make,2018,0.10281743796384557,0.09017125233341451,0.08401640925048987,0.10298810803547429,0.01897169878498442,0.1314456562129509,0.055558861073013235
price_bin,$0-$10k,make,2019,0.10217544338186603,0.08934727426786931,0.08387166270035912,0.10388084243924575,0.020009179738886634,0.1338946120475757,0.053857893092029166
price_bin,$30k-$40k,make,2021,0.10667920270831426,0.0928132114645831,0.08219446987242338,0.10900784222022843,0.02681337234780505,0.149227900741936,0.0419744113507158
price_bin,$10k-$20k,make,2020,0.09629057294268521,0.08776883039105554,0.08189567963950681,0.09743788819875777,0.015542208559250967,0.12075120103763423,0.05858236680063036
price_bin,$10k-$20k,make,2018,0.10199835930271765,0.0927386802889376,0.0865026172728033,0.10293858480428963,0.016435967531486337,0.12759253610151913,0.06184866597557379
price_bin,$50k-$60k,make,2019,0.1254955944425373,0.09805189520043439,0.08270102317278168,0.134833391923387,0.052132368750605326,0.21303194504929499,0.004502470046873694
price_bin,$40k-$50k,make,2019,0.1306451382966281,0.11047154701561035,0.09789784754242287,0.13498876344137536,0.0370909158989525,0.19062513728980413,0.04226147369399412
price_bin,$50k-$60k,make,2021,0.11608915754646087,0.09380792483531286,0.08165204855961108,0.12145073254811832,0.039798683988507236,0.18114875853087917,0.02195402257685023
price_bin,$60k-$70k,make,2021,0.1355300738326389,0.11097886221869556,0.09231268704819601,0.14756781912209677,0.05525513207390076,0.2304505172329479,0.009429988937344869
price_bin,$30k-$40k,make,2020,0.11366705294287217,0.09884048042069908,0.0877306502420767,0.11773991896354846,0.030009268721471763,0.1627538220457561,0.042716747159869055
price_bin,$50k-$60k,make,2020,0.12734975968114073,0.10169894493811917,0.08550001788585826,0.1356658666936842,0.05016584880782593,0.21091463990542308,0.010251244674119364
price_bin,$60k-$70k,make,2020,0.14200779455169973,0.11510610644380984,0.09387632544383039,0.15325970738871542,0.05938338194488503,0.24233478030604297,0.004801252526502833
price_bin,$0-$10k,make,2020,0.10100174807614334,0.08856601637968015,0.08309459249572558,0.10280547009068262,0.019710877594957044,0.1323717864831182,0.053528276103290015
price_bin,$40k-$50k,make,2020,0.1237960278007756,0.10488368133321045,0.0940814370141947,0.12844347041501736,0.03436203340082265,0.17998652051625133,0.042538386912960725
price_bin,$70k+,make,2021,0.15284183673520937,0.11836840147002287,0.10372330930319784,0.1644385429456539,0.06071523364245607,0.25551139340933804,0.01265045883951374
price_bin,$70k+,make,2020,0.160643665033466,0.12266335398658626,0.10542499420309537,0.16865237409104727,0.0632273798879519,0.26349344392297513,0.010583924371167508
price_bin,$50k-$60k,powertrain,2022,0.749561318063283,0.7634616701912488,0.7202416880438609,0.7964681661999331,0.0762264781560722,0.9108078834340414,0.6059019708097526
price_bin,$40k-$50k,powertrain,2022,0.8136844215361253,0.8223650856858354,0.7926445227910252,0.847543985896239,0.054899463105213875,0.9298931805540598,0.7102953281332043
price_bin,$50k-$60k,powertrain,2023,0.6954226226278258,0.7145402996555346,0.6540596510146065,0.7549910142785867,0.10093136326398022,0.906388059174557,0.5026626061186361
price_bin,$40k-$50k,powertrain,2024,0.7372222955301473,0.7635619335844087,0.7071793498053216,0.7949399458877012,0.08776059608237963,0.9265808400112707,0.5755384556817522
price_bin,$30k-$40k,powertrain,2024,0.8301079313300385,0.849201283321088,0.8041902299691654,0.8728433766443989,0.06865314667523348,0.9758230966572492,0.7012105099563153
price_bin,$40k-$50k,powertrain,2023,0.7854270963201629,0.8037609155479744,0.757559696564878,0.8328397908602709,0.07528009429539295,0.9457599323033603,0.6446395551217885
price_bin,$40k-$50k,powertrain,2025,0.7460710226642808,0.761007693239853,0.7168191916417278,0.7978116203973216,0.08099242875559376,0.9193002635307121,0.5953305485083371
price_bin,$20k-$30k,powertrain,2025,0.7795362107115036,0.7836433574984716,0.7429048010198113,0.8262125630692677,0.08330776204945645,0.9511742061434524,0.6179431579456266
price_bin,$30k-$40k,powertrain,2025,0.8203230916246945,0.8388949199550357,0.7941472459065964,0.86146797864547775,0.0673207327388814,0.9624490777537998,0.6931661467982743
price_bin,$10k-$20k,powertrain,2022,0.6843774473902915,0.6914966778547964,0.6506591331724304,0.7234573704078072,0.07279823723537682,0.8326547262608724,0.5414617773193652
price_bin,$20k-$30k,powertrain,2023,0.8519280099546473,0.8573435819914892,0.8279924785041733,0.8831956460318109,0.05520316752763754,0.9660003973232671,0.745187727212717
price_bin,$10k-$20k,powertrain,2024,0.7484127076459511,0.7518862265447773,0.7158608057990603,0.7842031056240313,0.06834229982497098,0.8867165553614877,0.6133473560616038
price_bin,$20k-$30k,powertrain,2022,0.8252756885188185,0.8326061805546954,0.7936963892685301,0.8652676112109494,0.07157122194241927,0.9726244441245784,0.6863395563549013
price_bin,$30k-$40k,powertrain,2022,0.8547510466299325,0.8603662362162724,0.8326369587486027,0.8873490703070612,0.054712111558458565,0.9694172376447491,0.7505687914109148
price_bin,$30k-$40k,powertrain,2023,0.8368068915270394,0.8492369623073438,0.8156403832277762,0.8726719748391238,0.05703159161134763,0.9582193622561452,0.7300929958107547
price_bin,$20k-$30k,powertrain,2024,0.8258542131240021,0.8331936036922726,0.804785008474481,0.8622742480126182,0.05748923953813723,0.948508107319824,0.7185511491672751
price_bin,$50k-$60k,powertrain,2024,0.6897884303525883,0.7107136382932802,0.657255486895376,0.7496808047523789,0.09242531785700281,0.888318781537883,0.5186175101098718
price_bin,$50k-$60k,powertrain,2025,0.6901429225617658,0.6980861557507696,0.6469984763772557,0.7569017003479761,0.10990322397072039,0.9217565363040567,0.48214364042117513
price_bin,Other,powertrain,2025,0.7609247508491344,0.7721643027578993,0.7374344506710238,0.8044653238084878,0.06703087313746403,0.9050116335146838,0.6368881409648277
price_bin,$0-$10k,powertrain,2022,0.7022972650551819,0.7080435838712722,0.6753532621178343,0.7351745560792506,0.05982129396141633,0.8249064970213751,0.5856213211757098
price_bin,$60k-$70k,powertrain,2022,0.6523143665520168,0.6690479897050066,0.6026176657138338,0.7001151972127111,0.0974975314988773,0.846361494461027,0.45637136846551785
price_bin,$0-$10k,powertrain,2023,0.6681952612088908,0.6718478415420909,0.6342862699227823,0.706202228538284,0.07191595861550171,0.8140761664615366,0.5264123319995297
price_bin,$10k-$20k,powertrain,2023,0.7019422972341,0.7031175654703626,0.6688726948245094,0.7402831511677285,0.07141045634321908,0.847398835682557,0.5617570103096807
price_bin,$70k+,powertrain,2022,0.6717389990584144,0.6816160754283973,0.6113186133333335,0.7354459168780162,0.12412730354468271,0.9216368721950403,0.4251276580163094
price_bin,$60k-$70k,powertrain,2023,0.6531609105856965,0.6678665761687387,0.6233187468119947,0.7013316050060526,0.0780128581940579,0.8183508922971394,0.5062994595209078
price_bin,$0-$10k,powertrain,2024,0.6584188323491393,0.6637285936398922,0.6238047015074042,0.6959272591674774,0.07212255766007325,0.8041110956575873,0.5156208650172943
price_bin,$60k-$70k,powertrain,2024,0.6605522075673281,0.6681114740087299,0.6138608912952938,0.7202449792243767,0.10638408792908294,0.8798211111180011,0.45428475940166935
price_bin,$60k-$70k,powertrain,2025,0.670238552468331,0.6748083993799323,0.6049225350323069,0.7264197530864197,0.12149721805411284,0.9086655801675889,0.4226767079511376
price_bin,$10k-$20k,powertrain,2025,0.7643825384928689,0.7692012632328035,0.7310778450916042,0.8015476561263213,0.07046981103471706,0.9072523726783969,0.6253731285395286
price_bin,$0-$10k,powertrain,2025,0.6568772161644573,0.6616161616161615,0.6151709018249731,0.6962248472046817,0.08105394537970856,0.8178057652742445,0.4935899837554103
price_bin,$70k+,powertrain,2023,0.6943174599199556,0.7087664656750978,0.6605880850802428,0.7478125136037711,0.0872244285235283,0.8786491563890635,0.5297514422949503
price_bin,$70k+,powertrain,2025,0.7076536451349278,0.7191853082730646,0.661794597917425,0.7574082760193837,0.09561367810195864,0.9008287931723216,0.518374080764487
price_bin,$70k+,powertrain,2024,0.6998241871795869,0.7140248356464572,0.6599391194316033,0.7583577366461267,0.09841861721452339,0.9059856624679118,0.5123111936098182
price_bin,$50k-$60k,powertrain,2018,0.760316442678741,0.7671694959895993,0.7237576880681523,0.8060605914546762,0.0823029033865239,0.9295149465344621,0.6003033329883665
price_bin,$60k-$70k,powertrain,2018,0.7816103961718718,0.7865701226024179,0.7358284837039607,0.836501944246052,0.10067346054209125,0.9875121350591889,0.5848182928908239
price_bin,$70k+,powertrain,2018,0.8281397948381604,0.8370585325593637,0.7962622033506902,0.8662752271688109,0.07001302381812069,0.9712947628959919,0.6912426676235092
price_bin,$70k+,powertrain,2019,0.7948204462891736,0.8058531362631137,0.7540695333415784,0.8372087922890303,0.08313925894745189,0.9619176807102081,0.6293606449204006
price_bin,$60k-$70k,powertrain,2019,0.7808214448695088,0.7825423384213317,0.738485578517114,0.8301892870038601,0.09170370848674603,0.9677448497339791,0.600930015786995
price_bin,$40k-$50k,powertrain,2018,0.7336742017348682,0.7469559911212112,0.7008629743324601,0.7740599814514257,0.0731970071189656,0.8838554921298741,0.5910674636540117
price_bin,$30k-$40k,powertrain,2018,0.7389992833446972,0.7418235306364244,0.7072380216991075,0.7712485721302906,0.06401055043118309,0.8672643977770653,0.611222196052333
price_bin,$20k-$30k,powertrain,2020,0.781654756589143,0.7915696029232702,0.7466958957863279,0.8250992897529611,0.0784033939666332,0.942704380702911,0.6290908048363781
price_bin,$20k-$30k,powertrain,2018,0.728368426177094,0.7367638386227585,0.6917495465065364,0.7765222177844009,0.08477267127786448,0.9036812247011976,0.5645905395897397
price_bin,$20k-$30k,powertrain,2019,0.7449412879465513,0.7513796860039268,0.7147252132709354,0.789222241165324,0.07449702789438861,0.9009677830069069,0.6029796714293525
price_bin,$20k-$30k,powertrain,2021,0.8016355269119066,0.8091149577748681,0.7715430907765923,0.8429814876796671,0.07143839690307474,0.9501390830342792,0.6643854954219802
price_bin,$10k-$20k,powertrain,2019,0.6927474799475195,0.7022165508458567,0.6509898517039708,0.7346505174036856,0.08366066569971475,0.8601415159532577,0.5254988531543987
price_bin,$30k-$40k,powertrain,2019,0.7709526042280527,0.7774385041373921,0.7322935111405179,0.8088039889176104,0.07651047777709252,0.9235697055832492,0.6175277944748792
price_bin,$40k-$50k,powertrain,2021,0.7781423391460238,0.7877792212019095,0.7562342361700652,0.8142208661176921,0.05798662994762682,0.9012008110391323,0.669254291248625
price_bin,$10k-$20k,powertrain,2021,0.7016152811152073,0.7074483611144515,0.6626677380533548,0.7420145546111535,0.07934681655779874,0.8610347794478517,0.5436475132166567
price_bin,$0-$10k,powertrain,2021,0.7122521256928668,0.7187839106568132,0.6799186390532546,0.7431296817561237,0.06321104270286915,0.8379462458104274,0.5851020749989508
price_bin,$0-$10k,powertrain,2018,0.8097422581697191,0.8149624626732546,0.7868581568982448,0.8339876098222141,0.047129452923969306,0.904681789208168,0.7161639775122908
price_bin,$0-$10k,powertrain,2019,0.7681082552111033,0.7730369939854203,0.7384924447550003,0.7966553445484711,0.05816289979347078,0.8838996942386772,0.6512480950647941
price_bin,$30k-$40k,powertrain,2021,0.8224926395198712,0.8330124517729967,0.7938950299871012,0.8616464077146537,0.06775137772755258,0.9632734743059825,0.6922679633957722
price_bin,$10k-$20k,powertrain,2020,0.6910337745190898,0.701312622498264,0.6477361239720286,0.7311542155423557,0.08341809157032709,0.8562813528978463,0.522608986616538
price_bin,$10k-$20k,powertrain,2018,0.7258330414443261,0.7380761988028492,0.6874844109192819,0.7650589148620869,0.07757450394280496,0.8814206707762944,0.5711226550050745
price_bin,$50k-$60k,powertrain,2019,0.7731191834925456,0.7827114841319206,0.7326088396558224,0.8128959146864099,0.08028707503058752,0.9333265272322911,0.6121782271099411
price_bin,$40k-$50k,powertrain,2019,0.7664372203314923,0.7712883693419607,0.7348757147959732,0.8056002884595996,0.07072457366362639,0.9116871489550392,0.6287888543005337
price_bin,$50k-$60k,powertrain,2021,0.7575730760791121,0.765329143113737,0.7229789657107606,0.7928540246585393,0.06987505894777868,0.8976666130802073,0.6181663772890926
price_bin,$60k-$70k,powertrain,2021,0.6727016875751757,0.6729159043997249,0.6348298704934853,0.7124347604977054,0.0776048900042201,0.8288420955040355,0.5184225354871551
price_bin,$30k-$40k,powertrain,2020,0.8032805907928333,0.8114042815121125,0.7695524812382228,0.8426139483162233,0.07306146707800043,0.9522061489332239,0.6599602806212221
price_bin,$50k-$60k,powertrain,2020,0.780614503873795,0.7822845222458913,0.7464834065707054,0.8182636068953658,0.07178020032466037,0.9259339073823564,0.6388131060837149
price_bin,$60k-$70k,powertrain,2020,0.7629339369304045,0.765469210445918,0.7282655105994371,0.8003004129732434,0.07203490237380628,0.9083527665339528,0.6202131570387277
price_bin,$0-$10k,powertrain,2020,0.7280586471678209,0.7363677579965929,0.696164569125295,0.7587559834343656,0.06259141430907056,0.8526431048979715,0.6022774476616892
price_bin,$40k-$50k,powertrain,2020,0.7742631239519207,0.7793629462687999,0.7409077392523137,0.8103717251978684,0.0694639859455547,0.9145677041162004,0.6367117603339816
price_bin,$70k+,powertrain,2021,0.6583044152068367,0.6605375816519997,0.6033736111111111,0.7148032905714365,0.11142967946032545,0.8819478097619247,0.4362290919206229
price_bin,$70k+,powertrain,2020,0.7793276055553282,0.7923408587439305,0.7391060887164783,0.8257836740847095,0.08667758536823122,0.9558000521370564,0.6090897106641315
price_bin,$50k-$60k,vehicle_type,2022,0.3274965062489917,0.3109418263146535,0.29351210552461515,0.3322244999740649,0.03871239444944974,0.3902930916482395,0.23544351385044054
price_bin,$40k-$50k,vehicle_type,2022,0.31445877392093574,0.30510590431546136,0.2894589635341727,0.3276545787307236,0.0381956151965509,0.38494800152555,0.23216554073934637
price_bin,$50k-$60k,vehicle_type,2023,0.3399074613184975,0.32102998487596734,0.30011596308634514,0.35445196012453345,0.05433599703818831,0.4359559556818159,0.21861196752906267
price_bin,$40k-$50k,vehicle_type,2024,0.32688091313113515,0.3155181921999314,0.29800041728147275,0.34031318252148374,0.042312765240010985,0.40378233038150024,0.23453126942145627
price_bin,$30k-$40k,vehicle_type,2024,0.3956592083070644,0.37668852637633343,0.3440733613752271,0.43293306613370464,0.08885970475847754,0.5662226232714209,0.21078380423751078
price_bin,$40k-$50k,vehicle_type,2023,0.326795100625598,0.3175031937337133,0.298841666391752,0.34134759748735355,0.042505931095601523,0.40510649413075583,0.23508276974834974
price_bin,$40k-$50k,vehicle_type,2025,0.3199556948219133,0.30763634230089965,0.29484497040401125,0.33067841969582323,0.03583344929181198,0.3844285936335412,0.24109479646629328
price_bin,$20k-$30k,vehicle_type,2025,0.3587057531449755,0.3511690044559344,0.32116338516373827,0.3900289679342836,0.06886558277054533,0.4933273420901016,0.21786501100792027
price_bin,$30k-$40k,vehicle_type,2025,0.3904667089032585,0.3715537511435855,0.3409492196381883,0.4262839422813398,0.0853347226431515,0.554286026246067,0.21294713567346105
price_bin,$10k-$20k,vehicle_type,2022,0.3804775911337879,0.3748631315211854,0.34706518764041333,0.4043613550769746,0.057296167436561296,0.49030560623181657,0.2611209364855714
price_bin,$20k-$30k,vehicle_type,2023,0.36605949539955507,0.3613531950718365,0.33160001000410616,0.3936361525632072,0.06203614255910106,0.4866903664018588,0.23854579616545457
price_bin,$10k-$20k,vehicle_type,2024,0.3463545984516647,0.34521456343033907,0.3175769464785109,0.36908826586309784,0.05151131938458692,0.44635524493997825,0.24030996740163055
price_bin,$20k-$30k,vehicle_type,2022,0.3666040351690242,0.3646898806707339,0.33224489270662827,0.3964358059565608,0.06419091324993254,0.4927221758314596,0.23595852283172947
price_bin,$30k-$40k,vehicle_type,2022,0.3683698711739583,0.3518374957902855,0.32035977462319576,0.40668920771960143,0.08632943309640567,0.53618335736421,0.19086562497858725
price_bin,$30k-$40k,vehicle_type,2023,0.38744370579356263,0.37450944,0.34024691358024683,0.4259901207592805,0.08574320717903366,0.554604931527831,0.21163210281169634
price_bin,$20k-$30k,vehicle_type,2024,0.3582112359822942,0.35399382895964393,0.32396766866447796,0.3882065445194683,0.06423887585499033,0.4845648583019538,0.22760935488199247
price_bin,$50k-$60k,vehicle_type,2024,0.3597920541494689,0.336529816165106,0.3144207251422203,0.3762405700421182,0.06181984489989789,0.46897033739196503,0.22169095779237347
price_bin,$50k-$60k,vehicle_type,2025,0.36050617282291175,0.33792343111500533,0.3161534466130133,0.3782230728614635,0.062069626248450194,0.4713275122341388,0.22304900724033802
price_bin,Other,vehicle_type,2025,0.30481403177143834,0.2975735348056071,0.27852997431878046,0.32380930638433947,0.04527933206555901,0.391728304482678,0.21061097622044195
price_bin,$0-$10k,vehicle_type,2022,0.4708334246272206,0.4671292811920231,0.4266770368615645,0.5030176365560839,0.0763405996945194,0.617528536097863,0.3121661373197854
price_bin,$60k-$70k,vehicle_type,2022,0.3639509135781155,0.32080404129820195,0.28998680838850804,0.4066373348275517,0.11665052643904367,0.5816131244861172,0.11501101872994254
price_bin,$0-$10k,vehicle_type,2023,0.45621644875021067,0.4489661702304792,0.4144615833842599,0.4849042957054192,0.07044271232115928,0.5905683641871582,0.308797514902521
price_bin,$10k-$20k,vehicle_type,2023,0.3649187898562769,0.3629888576931424,0.33578205391821647,0.3835075293735157,0.047725475455299204,0.45509574255646446,0.26419384073526764
price_bin,$70k+,vehicle_type,2022,0.34394481699514307,0.3224903680935425,0.29507488086146616,0.3692963408193071,0.07422145995784096,0.4806285307560686,0.18374269092470472
price_bin,$60k-$70k,vehicle_type,2023,0.3782391346840813,0.33094310526742965,0.3053722603515451,0.4131113423517169,0.10773908200017185,0.5747199653519747,0.1437636373512873
price_bin,$0-$10k,vehicle_type,2024,0.4205726716988389,0.41600993134048897,0.38748929621438394,0.4417076131575907,0.05421831694320678,0.5230350885724009,0.30616182079957377
price_bin,$60k-$70k,vehicle_type,2024,0.38345295768805604,0.34108311492735066,0.30664558906572,0.427007010256645,0.12036142119092502,0.6075491420430326,0.12610345727933245
price_bin,$60k-$70k,vehicle_type,2025,0.36638031281253985,0.32840169781811523,0.2915279989662499,0.40870481740963477,0.11717681844338484,0.584470045074712,0.11576277130117266
price_bin,$10k-$20k,vehicle_type,2025,0.33577779803434454,0.33105126814213576,0.30588342749961234,0.3605273271295279,0.05464389962991556,0.44249317657440124,0.223917578054739
price_bin,$0-$10k,vehicle_type,2025,0.4026981077908769,0.3956884681715792,0.37454569630426027,0.4205792477359635,0.046033551431703235,0.4896295748835183,0.3054953691567054
price_bin,$70k+,vehicle_type,2023,0.3435911729844921,0.3221017700195885,0.29387425130308337,0.3690259980712145,0.07515174676813113,0.48175361822341123,0.18114663115088667
price_bin,$70k+,vehicle_type,2025,0.3949635877825161,0.3819940099886596,0.35006391522722535,0.42785608572768996,0.07779217050046461,0.5445443414783868,0.23337565947652844
price_bin,$70k+,vehicle_type,2024,0.352430529572161,0.3364081009728494,0.31043302613306406,0.3734039410378987,0.06297091490483464,0.46786031339515066,0.2159766537758121
price_bin,$50k-$60k,vehicle_type,2018,0.31246504819651216,0.2836102355892355,0.26321444678526984,0.33166845676170925,0.06845400997643941,0.4343494717263684,0.16053343182061072
price_bin,$60k-$70k,vehicle_type,2018,0.34262562897244125,0.313523834120425,0.29034299195934615,0.3650402508052989,0.07469725884595274,0.47708613907422803,0.17829710369041704
price_bin,$70k+,vehicle_type,2018,0.340625903067502,0.3115811765743129,0.29481398589863267,0.3611772529424623,0.06636326704382961,0.46072215350820667,0.19526908533288825
price_bin,$70k+,vehicle_type,2019,0.32992761484196687,0.30139364018015874,0.2845786006804726,0.3415007703392011,0.05692216965872854,0.42688402482729393,0.19919534619237977
price_bin,$60k-$70k,vehicle_type,2019,0.351783333529336,0.3128109840153212,0.2877786424970965,0.37042563013790436,0.08264698764080786,0.4943961115991161,0.16380816103588472
price_bin,$40k-$50k,vehicle_type,2018,0.2845788119184044,0.2658115243342516,0.250233906257903,0.29297441132682267,0.04274050506891969,0.3570851689302022,0.18612314865452345
price_bin,$30k-$40k,vehicle_type,2018,0.31968291051993564,0.304812395476873,0.2756793974279664,0.3439288716797159,0.06824947425174954,0.44630308305734023,0.17330518605034206
price_bin,$20k-$30k,vehicle_type,2020,0.3555577735798872,0.34760331935166267,0.31982878309637797,0.38251775763405255,0.06268897453767458,0.47655121944056444,0.2257953212898661
price_bin,$20k-$30k,vehicle_type,2018,0.3678783026825961,0.36204031401890835,0.33025940261818615,0.3898733139526396,0.05961391133445343,0.47929418095431975,0.240838535616506
price_bin,$20k-$30k,vehicle_type,2019,0.3610400279911403,0.3524300155980301,0.32231291689186914,0.38533878725529935,0.06302587036343021,0.4798775928004447,0.22777411134672382
price_bin,$20k-$30k,vehicle_type,2021,0.3812666924833464,0.37994794586241726,0.34808368382779264,0.4077379914482945,0.059654307620501834,0.49721945287904723,0.2586022223970399
price_bin,$10k-$20k,vehicle_type,2019,0.44626457234753536,0.44606167543601466,0.3939349914138275,0.48238031810132714,0.08844532668749966,0.6150483081325766,0.26126700138257797
price_bin,$30k-$40k,vehicle_type,2019,0.31640178031285127,0.3014499167013744,0.2771414042552077,0.3376683138623098,0.06052690960710205,0.42845867827296286,0.18635103984455464
price_bin,$40k-$50k,vehicle_type,2021,0.3004585481506503,0.29040715719170995,0.2772431356093753,0.30964411583916146,0.03240098022978616,0.3582455861838407,0.22864166526469606
price_bin,$10k-$20k,vehicle_type,2021,0.42326328466308444,0.4173740994934705,0.37647257233755144,0.46163093329889615,0.08515836096134471,0.5893684747409133,0.24873503089553436
price_bin,$0-$10k,vehicle_type,2021,0.515355450922816,0.507854871215129,0.47033724631257046,0.5506450266529668,0.08030778034039632,0.6711066971635613,0.349875575801976
price_bin,$0-$10k,vehicle_type,2018,0.42260791472457515,0.41940347251755755,0.374464,0.4585957466918714,0.0841317466918714,0.5847933667296785,0.24826637996219292
price_bin,$0-$10k,vehicle_type,2019,0.4558179256742308,0.4505357706970955,0.4088184619864593,0.49077458129930274,0.08195611931284341,0.6137087602685678,0.2858842830171942
price_bin,$30k-$40k,vehicle_type,2021,0.34702822617521756,0.33351118493527104,0.3017710198445357,0.3800438256640471,0.0782728058195114,0.49745303439331423,0.1843618111152686
price_bin,$10k-$20k,vehicle_type,2020,0.4166848438196007,0.41409927217011083,0.36746371191135735,0.45047502337133977,0.08301131145998242,0.5749919905613134,0.24294674472138372
price_bin,$10k-$20k,vehicle_type,2018,0.4651710506781202,0.4680697790407499,0.4107856264486794,0.5091480063073208,0.09836237985864144,0.656691576095283,0.2632420566607172
price_bin,$50k-$60k,vehicle_type,2019,0.32346296794134743,0.2943800853218083,0.2732642391460428,0.33837069704941847,0.06510645790337566,0.43603038390448196,0.17560455229097932
price_bin,$40k-$50k,vehicle_type,2019,0.29473832624121066,0.2761342283301177,0.2623294485158452,0.30567484511481074,0.043345396598965524,0.37069294001325903,0.19731135361739693
price_bin,$50k-$60k,vehicle_type,2021,0.32376265852331976,0.30101560426220586,0.2855166230507531,0.33213979302385577,0.046623169973102674,0.4020745479835098,0.21558186809109908
price_bin,$60k-$70k,vehicle_type,2021,0.3743292634535202,0.3346945650958975,0.2974405439821407,0.41952477755630874,0.12208423357416803,0.6026511279175608,0.11431419362088865
price_bin,$30k-$40k,vehicle_type,2020,0.3229746061006308,0.3080181285567216,0.28277840014987526,0.34516073010631443,0.062382329956439164,0.43873422504097315,0.18920490521521652
price_bin,$50k-$60k,vehicle_type,2020,0.3330798720057067,0.303164343020956,0.28417181365806005,0.3515652589200917,0.06739344526203167,0.4526554268131392,0.18308164576501254
price_bin,$60k-$70k,vehicle_type,2020,0.3724559749790108,0.33046999471249405,0.3026295299007791,0.40646144518302924,0.10383191528225011,0.5622093181064044,0.14688165697740396
price_bin,$0-$10k,vehicle_type,2020,0.470477776285434,0.46230587608294893,0.42352891977295926,0.5043258878332756,0.08079696806031633,0.62552133992375,0.30233346768248476
price_bin,$40k-$50k,vehicle_type,2020,0.29687966197152843,0.28026608583594226,0.2678719828236994,0.30853533177444536,0.04066334895074597,0.3695303552005643,0.20687695939758044
price_bin,$70k+,vehicle_type,2021,0.3412409888699291,0.31499091614623387,0.2874103032259674,0.3641409832919331,0.07673068006596573,0.4792370033908817,0.1723142831270188
price_bin,$70k+,vehicle_type,2020,0.3406139496701285,0.31050234720693604,0.2919258232385755,0.36775355134065246,0.07582772810207694,0.4814951434937679,0.1781842310854601
