group_var,group_level,hhi_var,listing_year,mean,median,q25,q75,IQR,upper,lower
powertrain,Battery Electric (BEV),make,2025,0.22817565923982974,0.1922107511569954,0.1364987804660934,0.2650059796717328,0.12850719920563938,0.45776677848019187,-0.05626201834236569
powertrain,Battery Electric (BEV),make,2024,0.22901592299989076,0.19580114135395857,0.12779670656817954,0.2726680449738317,0.14487133840565214,0.4899750525823099,-0.08951030104029867
powertrain,Battery Electric (BEV),make,2021,0.29918930758270373,0.2577514792899409,0.1943983642606381,0.345604037568997,0.15120567330835888,0.5724125475315354,-0.032410145701900206
powertrain,Battery Electric (BEV),make,2023,0.2503707555586754,0.21786114436147636,0.13473141756281728,0.29482649430822905,0.16009507674541176,0.5349691094263467,-0.10541119755530035
powertrain,Battery Electric (BEV),make,2022,0.33678278216414054,0.3089307672509937,0.1661640211963453,0.4424988297839628,0.2763348085876175,0.8570010426653891,-0.24833819168508095
powertrain,Diesel,make,2023,0.22524246596368844,0.21488362654352094,0.20714041883420703,0.2250711219146575,0.017930703080450472,0.2519671765353332,0.18024436421353132
powertrain,Diesel,make,2022,0.22846385972220562,0.21978946533293747,0.2090336786383081,0.23060761660676413,0.021573937968456025,0.26296852355944816,0.17667277168562406
powertrain,Diesel,make,2025,0.23407648573560627,0.22280435971889073,0.21754408762046384,0.2327736305149205,0.01522954289445666,0.2556179448566055,0.19469977327877885
powertrain,Diesel,make,2024,0.23053781928431918,0.219379956965738,0.21381550554318912,0.23025008662119323,0.016434581078004107,0.2549019582381994,0.18916363392618296
powertrain,Flex Fuel (E85),make,2022,0.47688171175296684,0.32004390207620403,0.21288749401627852,0.7386170038974071,0.5257295098811287,1.5272112687191002,-0.5757067708054145
powertrain,Flex Fuel (E85),make,2024,0.3711019077434024,0.30120074948716585,0.22616154449945658,0.47322501464072864,0.24706347014127206,0.8438202198526368,-0.1444336607124515
powertrain,Gasoline,make,2022,0.10518092109609116,0.07911435436042773,0.07151802942265442,0.10282022230760193,0.03130219288494751,0.1497735116350232,0.024564740095233156
powertrain,Gasoline,make,2024,0.10755525109058074,0.08215723570787262,0.07160208088025773,0.10668538328424085,0.03508330240398312,0.15931033689021554,0.018977127274283044
powertrain,Gasoline,make,2023,0.1056511080513004,0.08032580847750329,0.07119190696113624,0.10346349220085699,0.03227158523972075,0.15187087006043812,0.022784529101555116
powertrain,Gasoline,make,2025,0.11350137031809217,0.0867944855780212,0.07250897680436748,0.11611834201623197,0.043609365211864495,0.18153238983402872,0.007094928986570728
powertrain,Hybrid Electric (HEV),make,2022,0.26720662349309565,0.22703392126671113,0.1939545890953617,0.2844879785494895,0.09053338945412778,0.42028806273068114,0.05815450491417004
powertrain,Hybrid Electric (HEV),make,2024,0.2758111846890703,0.2315709607646664,0.20153352240067907,0.2888888888888889,0.08735536648820985,0.4199219386212037,0.07050047266836429
powertrain,Hybrid Electric (HEV),make,2023,0.27073181469019686,0.22925936438584685,0.20293276513609082,0.2814363716643554,0.0785036065282646,0.3991917814567523,0.08517735534369392
powertrain,Hybrid Electric (HEV),make,2018,0.32405018723616374,0.2893990929705216,0.2514329634959543,0.34824260798715656,0.09680964449120227,0.49345707472395994,0.10621849675915088
powertrain,Hybrid Electric (HEV),make,2019,0.3513035880703362,0.30456649277508796,0.2622417521038381,0.3948157135523052,0.13257396144846711,0.5936766557250059,0.06338080993113743
powertrain,Gasoline,make,2019,0.10388415713227458,0.08268463237998505,0.07191233117704318,0.09953508108203947,0.027622749904996288,0.1409692059395339,0.03047820631954875
powertrain,Gasoline,make,2020,0.10260914884587438,0.08255947823226728,0.0711072702924713,0.09805765671859036,0.026950386426119063,0.13848323635776896,0.030681690653292702
powertrain,Gasoline,make,2021,0.09894152033361162,0.0773377704284759,0.07089506797880794,0.09189859630611331,0.02100352832730537,0.12340388879707137,0.03938977548784989
powertrain,Gasoline,make,2018,0.10041818872839472,0.07939171561526451,0.07120623835472259,0.09534282351462516,0.024136585159902565,0.131547701254479,0.03500136061486874
powertrain,Diesel,make,2018,0.2032172494938568,0.18734208,0.17706853518708138,0.20565717948440415,0.028588644297322774,0.2485401459303883,0.13418556874109722
powertrain,Diesel,make,2019,0.2059728809363055,0.18834774144783806,0.1800197334458204,0.20466517679990642,0.024645443354086027,0.24163334183103546,0.14305156841469135
powertrain,Diesel,make,2020,0.2086580547526231,0.19349915369698828,0.18369820017115368,0.2108721290435201,0.027173928872366415,0.25163302235206975,0.14293730686260406
powertrain,Diesel,make,2021,0.2259170236819451,0.21620597485880344,0.20519587375695308,0.22972667712678976,0.02453080336983668,0.2665228821815448,0.16839966870219808
powertrain,Flex Fuel (E85),make,2025,0.39137853372506676,0.33365019343122493,0.2344264748375675,0.5050784856879039,0.2706520108503364,0.9110565019634085,-0.1715515414379371
powertrain,Flex Fuel (E85),make,2023,0.39168601510390416,0.33822485207100594,0.21763732407409453,0.5432911274446995,0.325653803370605,1.0317718325006071,-0.270843380981813
powertrain,Flex Fuel (E85),make,2021,0.478956625548544,0.32256824298346803,0.21322382380039945,0.7432729177007683,0.5300490939003688,1.5383465585513214,-0.5818498170501538
powertrain,Flex Fuel (E85),make,2018,0.2889573280186055,0.2399824998728915,0.20271021093287261,0.33461688435675546,0.13190667342388285,0.5324768944925797,0.004850200797048343
powertrain,Flex Fuel (E85),make,2020,0.3633701274291231,0.27918148871986753,0.21073835330123905,0.4805693249910097,0.26983097168977066,0.8853157825256657,-0.19400810423341694
powertrain,Flex Fuel (E85),make,2019,0.33822315773220285,0.2687073919299737,0.20526551169519758,0.438753632783379,0.2334881210881814,0.7889858144156511,-0.14496666993707452
powertrain,Hybrid Electric (HEV),make,2025,0.2761975370295379,0.23455180085152083,0.18180688656277552,0.30521578957063134,0.12340890300785581,0.49032914408241507,-0.0033064679490082127
powertrain,Plug-In Hybrid Electric (PHEV),make,2023,0.3083867807768006,0.26561570493753717,0.15036175225704218,0.36844226933902885,0.21808051708198667,0.6955630449620089,-0.17675902336593785
powertrain,Plug-In Hybrid Electric (PHEV),make,2025,0.40764906610965984,0.40838616868240185,0.13596867590879905,0.625,0.489031324091201,1.3585469861368016,-0.5975783102280025
powertrain,Plug-In Hybrid Electric (PHEV),make,2024,0.3437006637525324,0.3333333333333333,0.12361132439822552,0.4917485218580724,0.36813719745984685,1.0439543180478426,-0.42859447179154475
powertrain,Battery Electric (BEV),make,2019,0.38699099192796593,0.3271604938271605,0.23683998850904908,0.4566595211093724,0.21981953260032333,0.7863888200098574,-0.09288931039143589
powertrain,Hybrid Electric (HEV),make,2020,0.3455018087410859,0.2913870434770483,0.24029440234067073,0.40382571254517574,0.163531310204505,0.6491226778519332,-0.005002562966086782
powertrain,Hybrid Electric (HEV),make,2021,0.30355353511915695,0.2590034951576503,0.2152230163618602,0.34661608068620975,0.13139306432434955,0.5437056771727341,0.01813341987533587
powertrain,Battery Electric (BEV),make,2018,0.4369789225794877,0.377021634110481,0.26323471153645667,0.5262253930506011,0.26299068151414445,0.9207114153218178,-0.13125131073475998
powertrain,Battery Electric (BEV),make,2020,0.3623631370335891,0.29445235649083035,0.22967819832391306,0.43040000000000006,0.200721801676087,0.7314827025141306,-0.07140450419021743
powertrain,Plug-In Hybrid Electric (PHEV),make,2018,0.39270462898402286,0.33501059269939754,0.29155459924690696,0.42597928004956465,0.13442468080265768,0.6276163012535512,0.08991757804292044
powertrain,Plug-In Hybrid Electric (PHEV),make,2019,0.38279481384568004,0.3218877551020408,0.26811096951279284,0.43810954165616856,0.16999857214337571,0.6931073998712322,0.01311311129772924
powertrain,Plug-In Hybrid Electric (PHEV),make,2020,0.38849849106880263,0.345297228008332,0.20565443213296403,0.4927670052323792,0.2871125730994152,0.923435864881502,-0.22501442751615874
powertrain,Plug-In Hybrid Electric (PHEV),make,2021,0.4363759793812411,0.3501643535427319,0.17355400666544843,0.686372722984659,0.5128187163192106,1.4556007974634748,-0.5956740678133675
powertrain,Plug-In Hybrid Electric (PHEV),make,2022,0.3758121789128353,0.33884297520661155,0.14983795532612704,0.513888888888889,0.3640509335627619,1.0599652892330318,-0.3962384450180158
powertrain,Fuel Cell,make,2023,0.8225244272149377,1,0.5555555555555556,1,0.4444444444444444,1.6666666666666665,-0.11111111111111105
powertrain,Fuel Cell,make,2022,0.8324638683171542,1,0.5555555555555556,1,0.4444444444444444,1.6666666666666665,-0.11111111111111105
powertrain,Fuel Cell,make,2020,0.9955913113650746,1,1,1,0,1,1
powertrain,Fuel Cell,make,2018,1,1,1,1,0,1,1
powertrain,Fuel Cell,make,2021,0.9776189254134265,1,1,1,0,1,1
powertrain,Fuel Cell,make,2025,0.888101682367189,1,0.7551020408163265,1,0.24489795918367352,1.3673469387755102,0.3877551020408162
powertrain,Fuel Cell,make,2024,0.8923341381253515,1,0.8024691358024691,1,0.19753086419753085,1.2962962962962963,0.5061728395061729
powertrain,Fuel Cell,make,2019,0.9996594508341937,1,1,1,0,1,1
powertrain,Battery Electric (BEV),vehicle_type,2025,0.5190985862328626,0.486785624105715,0.4562299190069929,0.5650730282830074,0.10884310927601454,0.7283376921970293,0.2929652550929711
powertrain,Battery Electric (BEV),vehicle_type,2024,0.554362287155316,0.5179375595787187,0.47296547186892735,0.6198175003019194,0.14685202843299205,0.8400955429514074,0.25268742921943926
powertrain,Battery Electric (BEV),vehicle_type,2021,0.6253630150440682,0.6165258774538965,0.5260080024622961,0.6792600213382107,0.15325201887591466,0.9091380496520827,0.29612997414842407
powertrain,Battery Electric (BEV),vehicle_type,2023,0.5636373136427887,0.5436564238592086,0.4945775324645982,0.613853454858266,0.11927592239366785,0.7927673384487678,0.31566364887409637
powertrain,Battery Electric (BEV),vehicle_type,2022,0.613664166465501,0.5883107227337945,0.536320649797035,0.6669921761920018,0.13067152639496682,0.862999465784452,0.34031336020458475
powertrain,Diesel,vehicle_type,2023,0.7988742035525823,0.8001270305822457,0.7810765499518024,0.8244763692807843,0.04339981932898185,0.8895760982742571,0.7159768209583297
powertrain,Diesel,vehicle_type,2022,0.8001200368947758,0.8025822852993596,0.7780674404382316,0.8306343072507543,0.05256686681252265,0.9094846074695382,0.6992171402194476
powertrain,Diesel,vehicle_type,2025,0.8454904070049514,0.8458352675041498,0.8313037728612268,0.8656027520295176,0.03429897916829083,0.9170512207819539,0.7798553041087906
powertrain,Diesel,vehicle_type,2024,0.8237417794861096,0.8254335245751774,0.8046172719446625,0.8467451530770185,0.04212788113235599,0.9099369747755525,0.7414254502461285
powertrain,Flex Fuel (E85),vehicle_type,2022,0.6241320246562624,0.3425,0.2549404962877335,1,0.7450595037122665,2.1175892555684,-0.8626487592806662
powertrain,Flex Fuel (E85),vehicle_type,2024,0.46066869327880355,0.43307725223656324,0.2700551575016499,0.6248111069404667,0.35475594943881683,1.156945031098692,-0.26207876665657537
powertrain,Gasoline,vehicle_type,2022,0.3115126129050264,0.3020362067187731,0.28842494087260756,0.32692398349548246,0.0384990426228749,0.38467254742979484,0.2306763769382952
powertrain,Gasoline,vehicle_type,2024,0.3090504253660974,0.3004601199388762,0.28807675442849545,0.3222399679871951,0.03416321355869967,0.3734847883252446,0.23683193409044595
powertrain,Gasoline,vehicle_type,2023,0.3131223408620311,0.30458724123233855,0.29039227555214664,0.32842978591636607,0.03803751036421943,0.3854860514626952,0.2333360100058175
powertrain,Gasoline,vehicle_type,2025,0.3026052465051712,0.2939213741411613,0.2854897781327361,0.30999297018328714,0.024503192050551015,0.34674775825911364,0.2487349900569096
powertrain,Hybrid Electric (HEV),vehicle_type,2022,0.3699701437124265,0.36005001664400454,0.31010739310364377,0.39772377845393186,0.0876163853502881,0.529148356479364,0.17868281507821163
powertrain,Hybrid Electric (HEV),vehicle_type,2024,0.37204853578742836,0.34802749105496866,0.328770959368197,0.3775514984736392,0.04878053910544222,0.45072230713180256,0.25560015071003367
powertrain,Hybrid Electric (HEV),vehicle_type,2023,0.37785197195826586,0.36384745259586526,0.3312493022901625,0.38989408688857263,0.05864478459841016,0.4778612637861879,0.24328212539254723
powertrain,Hybrid Electric (HEV),vehicle_type,2018,0.5972659881847979,0.618804587447766,0.49489951561146067,0.6718457044353308,0.1769461888238701,0.9372649876711359,0.22948023237565557
powertrain,Hybrid Electric (HEV),vehicle_type,2019,0.6023587053504889,0.6017626107720779,0.5155511252392122,0.649173641275222,0.13362251603600983,0.8496074153292368,0.31511735118519746
powertrain,Gasoline,vehicle_type,2019,0.3004483602817719,0.29853413483462277,0.28440781479626603,0.31005050034122117,0.025642685544955135,0.34851452865865384,0.24594378647883333
powertrain,Gasoline,vehicle_type,2020,0.29493253104955597,0.29133948704983903,0.28125848775039575,0.3010886653471828,0.01983017759678707,0.3308339317423634,0.25151322135521514
powertrain,Gasoline,vehicle_type,2021,0.3071403694549289,0.2991157457777229,0.2872490629134553,0.32103575292526415,0.03378669001180884,0.37171578794297744,0.23656902789574205
powertrain,Gasoline,vehicle_type,2018,0.30624176779959417,0.30472703331504125,0.2869692910233634,0.32002860136401495,0.03305931034065157,0.3696175668749923,0.23738032551238603
powertrain,Diesel,vehicle_type,2018,0.6362986665577538,0.6186473429951691,0.5706646758260261,0.6952843674340055,0.12461969160797937,0.8822139048459745,0.38373513841405704
powertrain,Diesel,vehicle_type,2019,0.5858051991331501,0.5645878874488588,0.5080952679946051,0.6321259313890231,0.12403066339441793,0.81817192648065,0.32204927290297825
powertrain,Diesel,vehicle_type,2020,0.6555224135785095,0.6505730167596397,0.592532444381414,0.7047251139362363,0.11219266955482232,0.8730141182684698,0.42424344004918046
powertrain,Diesel,vehicle_type,2021,0.7726841778503589,0.779149682044167,0.74300776333209,0.8034459541749004,0.060438190842810435,0.894103240439116,0.6523504770678743
powertrain,Flex Fuel (E85),vehicle_type,2025,0.5309113451425072,0.4610427070993666,0.276937618147448,0.7874476102868824,0.5105099921394344,1.5532125984960339,-0.4888273700617035
powertrain,Flex Fuel (E85),vehicle_type,2023,0.4725364058214738,0.38484060356652955,0.2541643427753741,0.6865611880899802,0.43239684531460615,1.3351564560618896,-0.39443092519653516
powertrain,Flex Fuel (E85),vehicle_type,2021,0.5860701549678846,0.3425750892669608,0.2501097282763536,0.9375242929711689,0.6874145646948153,1.9686461400133919,-0.7810121187658694
powertrain,Flex Fuel (E85),vehicle_type,2018,0.30522640248714705,0.27276131617123955,0.22938995730423453,0.35963042666885814,0.1302404693646236,0.5549911307157935,0.034029253257299136
powertrain,Flex Fuel (E85),vehicle_type,2020,0.47708420186988626,0.31681942081645753,0.23942239707723664,0.720382634289919,0.48096023721268233,1.4418229901089425,-0.48201795874178677
powertrain,Flex Fuel (E85),vehicle_type,2019,0.3592606770669799,0.3123465229552469,0.22826263363331062,0.48373691218481607,0.25547427855150545,0.8669483300120743,-0.1549487841939476
powertrain,Hybrid Electric (HEV),vehicle_type,2025,0.361586031866024,0.3320769208498374,0.3083909215965661,0.37072803412977123,0.06233711253320512,0.4642337029295789,0.21488525279675844
powertrain,Plug-In Hybrid Electric (PHEV),vehicle_type,2023,0.5611985858704908,0.51125,0.44536622100065226,0.6179591836734695,0.1725929626728172,0.8768486276826952,0.18647677699142645
powertrain,Plug-In Hybrid Electric (PHEV),vehicle_type,2025,0.5274192127368333,0.5011337868480725,0.3394720006166416,0.6754789874441276,0.336006986827486,1.1794894676853565,-0.16453847962458734
powertrain,Plug-In Hybrid Electric (PHEV),vehicle_type,2024,0.5118188667122957,0.5003462603878117,0.37871147045764886,0.5555555555555556,0.17684408509790672,0.8208216832024157,0.11344534281078877
powertrain,Battery Electric (BEV),vehicle_type,2019,0.7855027022621386,0.8024691358024691,0.6701388888888888,0.9002770083102491,0.2301381194213603,1.2454841874422895,0.3249317097568484
powertrain,Hybrid Electric (HEV),vehicle_type,2020,0.5463689944559202,0.5460939384200325,0.46834073661263087,0.6094032403883303,0.1410625037756994,0.8209969960518794,0.25674698094908177
powertrain,Hybrid Electric (HEV),vehicle_type,2021,0.4158356910790699,0.4307163406490006,0.3067911891380674,0.5064046785981369,0.19961348946006946,0.8058249127882411,0.007370954947963193
powertrain,Battery Electric (BEV),vehicle_type,2018,0.9512504352930657,0.9827599243856333,0.9192708333333335,1,0.08072916666666652,1.1210937499999998,0.7981770833333337
powertrain,Battery Electric (BEV),vehicle_type,2020,0.7087104138040943,0.6968650029528259,0.5726809726553415,0.8145065398335316,0.24182556717819015,1.1772448906008168,0.20994262188805624
powertrain,Plug-In Hybrid Electric (PHEV),vehicle_type,2018,0.7650404158844315,0.7873202641112982,0.6068074288538945,0.9049999999999999,0.2981925711461054,1.352288856719158,0.15951857213473636
powertrain,Plug-In Hybrid Electric (PHEV),vehicle_type,2019,0.7165466824930666,0.7159183673469389,0.58,0.82314535958441,0.24314535958441008,1.1878633989610252,0.21528196062338484
powertrain,Plug-In Hybrid Electric (PHEV),vehicle_type,2020,0.6677064022281767,0.6279989264729845,0.5555555555555556,0.7351052726853129,0.1795497171297573,1.004429848379949,0.2862309798609196
powertrain,Plug-In Hybrid Electric (PHEV),vehicle_type,2021,0.6409913229526069,0.5821767713659606,0.5113626799090984,0.7608024691358026,0.24943978922670418,1.134962152975859,0.13720299606904218
powertrain,Plug-In Hybrid Electric (PHEV),vehicle_type,2022,0.5793629185922504,0.5236294896030247,0.48128905075344985,0.6281054717268708,0.14681642097342096,0.8483301031870023,0.2610644192933184
powertrain,Fuel Cell,vehicle_type,2023,0.8225244272149377,1,0.5555555555555556,1,0.4444444444444444,1.6666666666666665,-0.11111111111111105
powertrain,Fuel Cell,vehicle_type,2022,0.8324638683171542,1,0.5555555555555556,1,0.4444444444444444,1.6666666666666665,-0.11111111111111105
powertrain,Fuel Cell,vehicle_type,2020,0.9955913113650746,1,1,1,0,1,1
powertrain,Fuel Cell,vehicle_type,2018,1,1,1,1,0,1,1
powertrain,Fuel Cell,vehicle_type,2021,0.9776189254134265,1,1,1,0,1,1
powertrain,Fuel Cell,vehicle_type,2025,0.888101682367189,1,0.7551020408163265,1,0.24489795918367352,1.3673469387755102,0.3877551020408162
powertrain,Fuel Cell,vehicle_type,2024,0.8923341381253515,1,0.8024691358024691,1,0.19753086419753085,1.2962962962962963,0.5061728395061729
powertrain,Fuel Cell,vehicle_type,2019,0.9996594508341937,1,1,1,0,1,1
powertrain,Battery Electric (BEV),price_bin,2025,0.25576545372732573,0.23540194120402025,0.2167555397333966,0.27213618382291055,0.05538064408951396,0.3552071499571815,0.13368457359912567
powertrain,Battery Electric (BEV),price_bin,2024,0.24778008158250991,0.23349053213933482,0.21787143514209817,0.2556483276150023,0.03777689247290411,0.3123136663243584,0.161206096432742
powertrain,Battery Electric (BEV),price_bin,2021,0.23575182257690805,0.21748178980228927,0.16416663735364292,0.25373720134138716,0.08957056398774424,0.38809304732300354,0.02981079137202655
powertrain,Battery Electric (BEV),price_bin,2023,0.22020650757423987,0.20851826376442745,0.17654409705724672,0.23124871420694473,0.054704617149698015,0.31330563993149174,0.0944871713326997
powertrain,Battery Electric (BEV),price_bin,2022,0.23630230285158485,0.2138393537570492,0.19111111111111112,0.24642187436680532,0.0553107632556942,0.3293880192503466,0.10814496622756982
powertrain,Diesel,price_bin,2023,0.16850713856665037,0.16039646491166656,0.1554454564113617,0.16731542503308025,0.011869968621718546,0.18512037796565806,0.13764050347878387
powertrain,Diesel,price_bin,2022,0.19532760402010244,0.18703747618961772,0.1764437057556171,0.19866298730142629,0.022219281545809183,0.23199190962014005,0.14311478343690331
powertrain,Diesel,price_bin,2025,0.16980209617955036,0.16133765070655065,0.15709431501166457,0.16840984070129136,0.011315525689626793,0.18538312923573155,0.14012102647722438
powertrain,Diesel,price_bin,2024,0.16601394647613657,0.15777180808080501,0.15389112500878277,0.16482734069063723,0.010936215681854461,0.1812316642134189,0.13748680148600106
powertrain,Flex Fuel (E85),price_bin,2022,0.27069290588174744,0.2616665060457867,0.24944646263263331,0.2754577407852423,0.026011278152609008,0.31447465801415586,0.2104295454037198
powertrain,Flex Fuel (E85),price_bin,2024,0.44926922422464804,0.36178837276968795,0.3272678841493222,0.5550947864458746,0.22782690229655245,0.8968351398907033,-0.014472469295506496
powertrain,Gasoline,price_bin,2022,0.21457245284699453,0.2097610940825529,0.20375703272882792,0.21726428552328836,0.01350725279446044,0.23752516471497903,0.18349615353713727
powertrain,Gasoline,price_bin,2024,0.23056484193698298,0.2311428036924204,0.20542042139052885,0.24595283784822025,0.0405324164576914,0.3067514625347574,0.14462179670399175
powertrain,Gasoline,price_bin,2023,0.22153709722052223,0.21930366922237843,0.20338362710307661,0.23136611366003235,0.027982486556955732,0.2733398434954659,0.16140989726764302
powertrain,Gasoline,price_bin,2025,0.23310689287746772,0.23104234800919107,0.21316596485282674,0.24277800951369757,0.029612044660870834,0.28719607650500384,0.1687478978615205
powertrain,Hybrid Electric (HEV),price_bin,2022,0.23389966980147814,0.22120722262257053,0.1881720653071958,0.2483305577766095,0.06015849246941371,0.33856829648073006,0.09793432660307523
powertrain,Hybrid Electric (HEV),price_bin,2024,0.25619607152225854,0.23699444318425653,0.21601201136032464,0.26338672600818147,0.047374714647856836,0.33444879797996674,0.1449499393885394
powertrain,Hybrid Electric (HEV),price_bin,2023,0.24673265351040954,0.22829383747845305,0.20725307804602933,0.253885388460167,0.04663231041413768,0.32383385408137355,0.1373046124248228
powertrain,Hybrid Electric (HEV),price_bin,2018,0.3267791541971208,0.3261762688413486,0.28744614512471656,0.34673220480494804,0.059286059680231484,0.43566129432529527,0.19851705560436933
powertrain,Hybrid Electric (HEV),price_bin,2019,0.31932231910511505,0.3110346629899906,0.28175151450738656,0.33439615867265227,0.05264464416526571,0.41336312492055083,0.202784548259488
powertrain,Gasoline,price_bin,2019,0.22237350465707567,0.22246629336541876,0.19643370888585623,0.24272181590772868,0.04628810702187244,0.31215397644053733,0.12700154835304756
powertrain,Gasoline,price_bin,2020,0.21709620057716944,0.21589525485166983,0.1969210933535014,0.23027157415186922,0.03335048079836783,0.28029729534942094,0.14689537215594964
powertrain,Gasoline,price_bin,2021,0.20697344952703167,0.20359448463346505,0.19801719416564917,0.2092784983688386,0.011261304203189437,0.22617045467362276,0.181125237860865
powertrain,Gasoline,price_bin,2018,0.22439802797114553,0.2233335166959304,0.19715109778669518,0.24614079202511507,0.048989694238419895,0.3196253333827449,0.12366655642906534
powertrain,Diesel,price_bin,2018,0.160001027566143,0.14950340200418402,0.1471672687822035,0.15636289837302605,0.009195629590822568,0.1701563427592599,0.13337382439596962
powertrain,Diesel,price_bin,2019,0.17094950168545237,0.1576478002836085,0.15156755672916755,0.16999399403880658,0.018426437309639027,0.1976336500032651,0.12392790076470901
powertrain,Diesel,price_bin,2020,0.15953962011586673,0.1482046552166201,0.14581082905752094,0.15425831280803287,0.008447483750511936,0.16692953843380076,0.13313960343175302
powertrain,Diesel,price_bin,2021,0.19934305458867502,0.1905325443786982,0.18132508886588355,0.20381594715143114,0.022490858285547588,0.23755223457975252,0.14758880143756217
powertrain,Flex Fuel (E85),price_bin,2025,0.5164166088800344,0.39073262070737075,0.31399588797973954,0.7261261741188186,0.4121302861390791,1.3443216033274372,-0.30419954122887916
powertrain,Flex Fuel (E85),price_bin,2023,0.2849874961343203,0.2939505985180106,0.21929512281950866,0.31821368712210546,0.0989185643025968,0.46659153357600064,0.07091727636561349
powertrain,Flex Fuel (E85),price_bin,2021,0.25806412694546627,0.24577940136663606,0.23883337155535755,0.25871000270178096,0.019876631146423407,0.28852494942141604,0.20901842483572244
powertrain,Flex Fuel (E85),price_bin,2018,0.24823070913098536,0.2535580403369109,0.21774785644407618,0.26651638175994447,0.04876852531586828,0.3396691697337469,0.14459506847027376
powertrain,Flex Fuel (E85),price_bin,2020,0.2573099316934906,0.26331334809962104,0.2202190316986674,0.27737648713847524,0.057157455439807825,0.36311267029818695,0.13448284853895567
powertrain,Flex Fuel (E85),price_bin,2019,0.2551665636094009,0.26475642805208544,0.21464489970508696,0.281635328415371,0.06699042871028402,0.382120971480797,0.11415925663966094
powertrain,Hybrid Electric (HEV),price_bin,2025,0.26315059459414364,0.24073326994773117,0.22135491825687584,0.2695151672628704,0.048160249005994554,0.3417555407718622,0.149114544747884
powertrain,Plug-In Hybrid Electric (PHEV),price_bin,2023,0.3293250587041413,0.3311098988295973,0.19344774843317503,0.4027055150884495,0.20925776665527446,0.7165921650713611,-0.12043890154973669
powertrain,Plug-In Hybrid Electric (PHEV),price_bin,2025,0.37828897642421877,0.3600000000000001,0.18950437317784252,0.5312314098750744,0.3417270366972319,1.0438219649209222,-0.3230861818680053
powertrain,Plug-In Hybrid Electric (PHEV),price_bin,2024,0.3569799916427204,0.36489854040583836,0.18192901234567901,0.4866780045351473,0.30474899218946827,0.9438014928193497,-0.2751944759385234
powertrain,Battery Electric (BEV),price_bin,2019,0.3376510205472454,0.3125596320767864,0.23589103916228654,0.38677257368977863,0.1508815345274921,0.6130948754810168,0.009568737371048408
powertrain,Hybrid Electric (HEV),price_bin,2020,0.2913749174207488,0.279393661020988,0.26356779201624053,0.29639839386854805,0.03283060185230752,0.34564429664700935,0.21432188923777926
powertrain,Hybrid Electric (HEV),price_bin,2021,0.23539663838451494,0.22222070884566283,0.21206653548186655,0.23960397859281002,0.02753744311094347,0.28091014325922525,0.17076037081545134
powertrain,Battery Electric (BEV),price_bin,2018,0.44012350701399705,0.40625,0.32438841644898136,0.5185128541940327,0.19412443774505134,0.8096995108116097,0.03320175983140433
powertrain,Battery Electric (BEV),price_bin,2020,0.28260681092557144,0.2586972429888058,0.18352243810012164,0.31916470127600605,0.1356422631758844,0.5226280960398326,-0.019940956663704962
powertrain,Plug-In Hybrid Electric (PHEV),price_bin,2018,0.41229388901935204,0.40625,0.3298094915487575,0.4613334083982859,0.1315239168495284,0.6586192836725785,0.13252361627446488
powertrain,Plug-In Hybrid Electric (PHEV),price_bin,2019,0.4188109394896847,0.40417708066549135,0.3247781106902594,0.4814935611480516,0.15671545045779217,0.7165667368347398,0.08970493500357116
powertrain,Plug-In Hybrid Electric (PHEV),price_bin,2020,0.4215825922854488,0.3953488372093023,0.30045118343195265,0.5036756515927824,0.20322446816082973,0.808512353834027,-0.004385518809291944
powertrain,Plug-In Hybrid Electric (PHEV),price_bin,2021,0.3974454236976157,0.35314764778667196,0.275047258979206,0.4786816225217583,0.20363436354255227,0.7841331678355867,-0.030404286334622388
powertrain,Plug-In Hybrid Electric (PHEV),price_bin,2022,0.3721459574523589,0.3166215056984519,0.209746419492839,0.455,0.245253580507161,0.8228803707607415,-0.15813395126790253
powertrain,Fuel Cell,price_bin,2023,0.7620352102515734,0.7222222222222223,0.52,1,0.48,1.72,-0.19999999999999996
powertrain,Fuel Cell,price_bin,2022,0.7584453886124108,0.7449999999999999,0.5061728395061729,1,0.49382716049382713,1.7407407407407407,-0.23456790123456783
powertrain,Fuel Cell,price_bin,2020,0.9120801053100682,1,1,1,0,1,1
powertrain,Fuel Cell,price_bin,2018,0.9775357320191547,1,1,1,0,1,1
powertrain,Fuel Cell,price_bin,2021,0.8078608541523181,1,0.5035909221488079,1,0.49640907785119215,1.7446136167767883,-0.24102269462798043
powertrain,Fuel Cell,price_bin,2025,0.9247343748371442,1,1,1,0,1,1
powertrain,Fuel Cell,price_bin,2024,0.7526819625462484,0.6800000000000002,0.5555555555555556,1,0.4444444444444444,1.6666666666666665,-0.11111111111111105
powertrain,Fuel Cell,price_bin,2019,0.8386530312950802,1,0.5703125,1,0.4296875,1.64453125,-0.07421875
vehicle_type,Minivan,make,2025,0.3204834145585911,0.273051754907793,0.23354803837664972,0.3436429882168669,0.11009494984021717,0.5087854129771927,0.06840561361632397
vehicle_type,Minivan,make,2024,0.3081312073586352,0.26748870331790797,0.22761384961057246,0.31659121149713293,0.08897736188656047,0.45005725432697363,0.09414780678073176
vehicle_type,CUV,make,2021,0.09918880436356997,0.07536629678333887,0.06535873376892147,0.09333004324777064,0.02797130947884917,0.13528700746604438,0.023401769550647718
vehicle_type,CUV,make,2024,0.10270173574920848,0.07732636489452557,0.0643288298759467,0.09791343797484874,0.03358460809890204,0.1482903501232018,0.013951917727593632
vehicle_type,CUV,make,2023,0.10070397467524857,0.07596453502057826,0.06372252227163233,0.09578950704432512,0.03206698477269279,0.1438899842033643,0.015622045112593144
vehicle_type,CUV,make,2022,0.10215456374116774,0.07575991581626015,0.06463134410068053,0.09665590116395953,0.032024557063279,0.14469273675887803,0.016594508505762023
vehicle_type,CUV,make,2025,0.1062241862956573,0.08014974752578091,0.06435771030982079,0.10276125935232902,0.03840354904250823,0.16036658291609135,0.00675238674605845
vehicle_type,Pickup,make,2023,0.22924727325378608,0.20605032439910503,0.19542537202737043,0.22285205672283642,0.027426684695465997,0.26399208376603545,0.15428534498417143
vehicle_type,Pickup,make,2022,0.224987083029677,0.2044892137407145,0.19437558613912062,0.21835489542642628,0.023979309287305656,0.2543238593573848,0.15840662220816215
vehicle_type,Pickup,make,2025,0.23802424997259433,0.2079154180137934,0.19727579555415553,0.23709360608059374,0.03981781052643821,0.29682032187025104,0.1375490797644982
vehicle_type,Pickup,make,2024,0.23398218069132598,0.20545631226816338,0.19676455063546952,0.2299353928631392,0.03317084222766967,0.2796916562046437,0.14700828729396503
vehicle_type,Minivan,make,2022,0.3102413838726423,0.2654450364609199,0.2089852736488969,0.3494762991910362,0.14049102554213927,0.5602128375042451,-0.0017512646643119967
vehicle_type,Car,make,2022,0.14056848203145242,0.10505991095486311,0.0815468392250772,0.15272236591378624,0.07117552668870904,0.2594856559468498,-0.02521645080798636
vehicle_type,Car,make,2024,0.14845113104076157,0.11498454894775148,0.08184552992917318,0.1669284183253302,0.08508288839615702,0.29455275091956573,-0.045778802665062346
vehicle_type,Car,make,2023,0.14340452035142082,0.10917558083266268,0.08198979318886504,0.15699964206345401,0.07500984887458897,0.2695144153753375,-0.030524980123018422
vehicle_type,Car,make,2025,0.17632618232710154,0.13236499184419315,0.08392853241043458,0.2121996198911733,0.12827108748073873,0.40460625111228143,-0.10847809881067352
vehicle_type,Car,make,2018,0.123571379793286,0.09663724090104352,0.0826502271980489,0.12049607681147098,0.03784584961342208,0.1772648512316041,0.025881452777915787
vehicle_type,Car,make,2019,0.1304589823297832,0.10177420641173027,0.082799170623434,0.1287935213002404,0.045994350676806406,0.19778504731545002,0.013807644608224395
vehicle_type,Pickup,make,2019,0.2391852645382793,0.21037807163418473,0.2017615627703544,0.23388478941914875,0.032123226648794356,0.28206962939234026,0.15357672279716286
vehicle_type,Pickup,make,2020,0.2369484936492737,0.21042030337557677,0.20196211723196894,0.23008155213056583,0.02811943489859689,0.2722607044784612,0.15978296488407362
vehicle_type,Pickup,make,2021,0.22524072906110285,0.20490137486640292,0.1933717855830396,0.2205428659012551,0.027171080318215496,0.26129948637857836,0.15261516510571638
vehicle_type,Pickup,make,2018,0.2390554436262681,0.21137083023124884,0.20130321239927443,0.23348738139280703,0.0321841689935326,0.28176363488310596,0.15302695890897552
vehicle_type,Car,make,2020,0.13185663423825678,0.10322889384572854,0.08292694327074362,0.1295156248624184,0.046588681591674785,0.1993986472499306,0.013043920883231447
vehicle_type,Car,make,2021,0.1322644915658157,0.10282836794413328,0.08230371818412693,0.13162488681359244,0.049321168629465506,0.2056066397577907,0.008321965239928675
vehicle_type,SUV,make,2019,0.24643824425431632,0.2173079311496793,0.19744234786975864,0.26624285999417346,0.06880051212441482,0.3694436281807957,0.09424157968313641
vehicle_type,SUV,make,2018,0.24432014411516428,0.21747114561027037,0.19489338225048308,0.2580631820234066,0.06316979977292353,0.35281788168279193,0.10013868259109779
vehicle_type,SUV,make,2020,0.2501309328453861,0.2237881693156664,0.20112477682999408,0.2705244574981643,0.0693996806681702,0.3746239785004196,0.09702525582773877
vehicle_type,SUV,make,2021,0.24153212122447693,0.22185922568936173,0.20223030391430638,0.2518394565153233,0.04960915260101692,0.32625318541684867,0.127816575012781
vehicle_type,SUV,make,2023,0.21259919849556147,0.1950888520818111,0.17500724047341304,0.21488031915140893,0.03987307867799589,0.27468993716840273,0.11519762245641921
vehicle_type,SUV,make,2025,0.2104998661720355,0.18910109588561314,0.1717435912385113,0.2116921962440865,0.039948605005575205,0.2716151037524493,0.11182068373014849
vehicle_type,SUV,make,2022,0.2236740067043695,0.206065233019486,0.18531516730380343,0.22630802294850916,0.04099285564470573,0.2877973064155678,0.12382588383674484
vehicle_type,SUV,make,2024,0.21192921277474153,0.1926229284531638,0.17370006366430804,0.21342930451128217,0.03972924084697413,0.27302316578174335,0.11410620239384685
vehicle_type,Minivan,make,2021,0.29915014235825355,0.2743280351379552,0.2033902238543766,0.33843983664608834,0.13504961279171174,0.5410142558336559,8.158046668090002e-4
vehicle_type,Minivan,make,2018,0.2564297690898466,0.22895105767678103,0.18741848728658994,0.2726879976958648,0.08526951040927488,0.40059226330977715,0.059514221672677614
vehicle_type,Minivan,make,2020,0.2759482767639721,0.2374217666103743,0.2070135164138639,0.29451898709329777,0.08750547067943387,0.42577719311244855,0.07575531039471309
vehicle_type,Minivan,make,2019,0.27467266122211353,0.24255463905956287,0.1986193892603378,0.29335906768528824,0.09473967842495046,0.43546858532271393,0.0565098716229121
vehicle_type,CUV,make,2019,0.10221998955369875,0.0793657134412688,0.06458682641406675,0.09936345542204694,0.03477662900798019,0.15152839893401723,0.012421882902096469
vehicle_type,CUV,make,2018,0.09608136320075729,0.07323486984907528,0.06424450168745013,0.09097675490263624,0.026732253215186103,0.13107513472541538,0.02414612186467098
vehicle_type,CUV,make,2020,0.1040346165790794,0.08144242443249079,0.06499898872882379,0.10214516723679765,0.03714617850797386,0.15786443499875843,0.009279720966862998
vehicle_type,Minivan,make,2023,0.2997183079155285,0.2592469488285462,0.21690249118363095,0.31151217941030923,0.09460968822667828,0.45342671175032667,0.0749879588436135
vehicle_type,Minivan,powertrain,2025,0.5420011437914384,0.5100492669764459,0.48884921960483124,0.545965828010653,0.05711660840582172,0.6316407406193856,0.4031743069960987
vehicle_type,Minivan,powertrain,2024,0.5515036893279736,0.5144024348517124,0.4958188874401098,0.5619887831124999,0.06616989567239007,0.661243626621085,0.3965640439315247
vehicle_type,CUV,powertrain,2021,0.8622699619456902,0.8606356396865615,0.8467607053060292,0.8778447774827208,0.031084072176691624,0.9244708857477583,0.8001345970409918
vehicle_type,CUV,powertrain,2024,0.8026231471492278,0.8217309718307346,0.7504319896038912,0.8596857077025672,0.10925371809867601,1.0235662848505813,0.5865514124558773
vehicle_type,CUV,powertrain,2023,0.8435824958184924,0.853592033516311,0.8234985781945796,0.8662728608101185,0.04277428261553884,0.9304342847334267,0.7593371542712714
vehicle_type,CUV,powertrain,2022,0.8770880551655519,0.8755111198579297,0.8629943909308004,0.8928315916754594,0.02983720074465901,0.937587392792448,0.8182385898138119
vehicle_type,CUV,powertrain,2025,0.7813463161822046,0.8011198366468684,0.7243888042439522,0.8432669937672024,0.11887818952325013,1.0215842780520776,0.5460715199590771
vehicle_type,Pickup,powertrain,2023,0.6806798439293091,0.6290740065708138,0.4933818991391957,0.8636654065805377,0.370283507441342,1.4190906677425508,-0.06204336202281724
vehicle_type,Pickup,powertrain,2022,0.671601393168804,0.6022383991577821,0.4791147271873566,0.8645291676976635,0.38541444051030693,1.4426508284631239,-0.09900693357810386
vehicle_type,Pickup,powertrain,2025,0.7340403095363326,0.7107941040411543,0.533753387240666,0.9321489582278171,0.39839557098715106,1.5297423147085436,-0.06383996924006052
vehicle_type,Pickup,powertrain,2024,0.7206271285831152,0.6863428296997791,0.5162805908168366,0.9208353924817844,0.4045548016649477,1.527667594979206,-0.0905516116805849
vehicle_type,Minivan,powertrain,2022,0.5447698928100586,0.5141028367620646,0.5011275529803065,0.5387654320987654,0.03763787911845884,0.5952222507764536,0.4446707343026183
vehicle_type,Car,powertrain,2022,0.8383481422949406,0.8291087386087131,0.7995706917820612,0.8796931466451421,0.0801224548630809,0.9998768289397635,0.6793870094874399
vehicle_type,Car,powertrain,2024,0.7994061039224442,0.794529884455162,0.7741773505691114,0.8296640571700725,0.05548670660096111,0.9128941170715141,0.6909472906676697
vehicle_type,Car,powertrain,2023,0.8041231736293009,0.7987555317824202,0.7773019970512371,0.8314195792204394,0.05411758216920226,0.9125959524742429,0.6961256237974338
vehicle_type,Car,powertrain,2025,0.7985300610419211,0.7958303606817282,0.7690217600197555,0.8308,0.061778239980244454,0.9234673599703667,0.6763544000493888
vehicle_type,Car,powertrain,2018,0.8014667047921035,0.7932865711628784,0.7681127188346871,0.839774424220958,0.07166170538627092,0.9472669823003644,0.6606201607552807
vehicle_type,Car,powertrain,2019,0.7924095232647698,0.7871874520015254,0.7512653902746569,0.8370497217247659,0.085784331450109,0.9657262188999294,0.6225888930994934
vehicle_type,Pickup,powertrain,2019,0.6087703292831119,0.5533924656913204,0.4534999645663766,0.7661498717397943,0.31264990717341773,1.235124732499921,-0.015474896193750032
vehicle_type,Pickup,powertrain,2020,0.6363570492508369,0.5744423440453686,0.4633899228759745,0.8079905136525831,0.3446005907766086,1.324891399817496,-0.053510963288938396
vehicle_type,Pickup,powertrain,2021,0.6507738588815093,0.5976553146933697,0.4859799572787789,0.8165104606598433,0.33053050338106443,1.31230621573144,-0.009815797792817771
vehicle_type,Pickup,powertrain,2018,0.5840971151240507,0.5543667572869825,0.4363745521946665,0.7306388241040321,0.29426427190936566,1.1720352319680807,-0.005021855669382014
vehicle_type,Car,powertrain,2020,0.8064860376914316,0.8001217919441534,0.7721618318413662,0.8429261224427945,0.0707642906014283,0.949072558344937,0.6660153959392238
vehicle_type,Car,powertrain,2021,0.8090026195316212,0.8069823831905012,0.7897638785845087,0.8315949384750274,0.04183105989051872,0.8943415283108055,0.7270172887487306
vehicle_type,SUV,powertrain,2019,0.7697734378208824,0.7482756247586035,0.6256797267213787,0.9190077859876375,0.2933280592662588,1.3589998748870258,0.1856876378219905
vehicle_type,SUV,powertrain,2018,0.7108678955938299,0.6493817911176063,0.5798122496755139,0.8458457332594984,0.2660334835839845,1.244895958635475,0.1807620242995372
vehicle_type,SUV,powertrain,2020,0.8305779616175775,0.8225929413481097,0.6770472217020664,0.9873545976387743,0.3103073759367079,1.4528156615438361,0.21158615779700463
vehicle_type,SUV,powertrain,2021,0.8272728667011967,0.8417586798086956,0.6875130384901197,0.9658446951601294,0.2783316566700097,1.383342180165144,0.27001555348510514
vehicle_type,SUV,powertrain,2023,0.8378148329533557,0.8317718606180143,0.7340108813702153,0.9452403701499824,0.2112294887797671,1.2620846033196331,0.41716664820056465
vehicle_type,SUV,powertrain,2025,0.8583090714500294,0.8543163274163299,0.7706720489910833,0.9481456963784776,0.17747364738739424,1.2143561674595689,0.5044615779099919
vehicle_type,SUV,powertrain,2022,0.8273153441293024,0.8191571897099746,0.7029096542851228,0.952040227710135,0.24913057342501221,1.3257360878476532,0.32921379414760443
vehicle_type,SUV,powertrain,2024,0.8532882561559693,0.8424401213876587,0.7616741039240796,0.9487214628648152,0.18704735894073554,1.2292925012759186,0.4811030655129763
vehicle_type,Minivan,powertrain,2021,0.540428079945194,0.5264413154355637,0.49462871732438907,0.5506846783795187,0.056055961055129666,0.6347686199622132,0.41054477574169457
vehicle_type,Minivan,powertrain,2018,0.5955569167831063,0.5485585591854003,0.5090576126960966,0.6709211953518524,0.16186358265575573,0.913716569335486,0.266262238712463
vehicle_type,Minivan,powertrain,2020,0.6148895306545797,0.5497334832999169,0.5059133939609477,0.7184658809188075,0.21255248695785978,1.0372946113555972,0.18708466352415803
vehicle_type,Minivan,powertrain,2019,0.65733402516266,0.581353305785124,0.5046284260115534,0.807690513813558,0.3030620878020046,1.262283645516565,0.05003529430854653
vehicle_type,CUV,powertrain,2019,0.8612091698580596,0.8539518709311139,0.8085708255967009,0.9196924509462869,0.11112162534958603,1.086374888970666,0.6418883875723218
vehicle_type,CUV,powertrain,2018,0.8640450173922125,0.8570521541950115,0.8048762185694786,0.9277063957560868,0.12283017718660827,1.1119516615359992,0.6206309527895661
vehicle_type,CUV,powertrain,2020,0.8611827489849048,0.8515175088286178,0.8355119777200821,0.8898593240304261,0.05434734631034399,0.971380343495942,0.7539909582545661
vehicle_type,Minivan,powertrain,2023,0.5510823428627318,0.5150298399880897,0.4975082939757908,0.5639403595714163,0.06643206559562548,0.66358845796485455,0.39786019558235264
vehicle_type,Minivan,price_bin,2025,0.36106173713393774,0.344,0.2504810553461615,0.4508653392541885,0.20038428390802698,0.751441765116229,-0.05009537051587898
vehicle_type,Minivan,price_bin,2024,0.3675904212520355,0.3525390625,0.25820335209841416,0.4554729894528014,0.19726963735438724,0.7513774454843822,-0.037701103933166724
vehicle_type,CUV,price_bin,2021,0.2586183791836812,0.25285133482969413,0.24278761691083925,0.26734785519047927,0.024560238279640018,0.3041882126099393,0.2059472594913792
vehicle_type,CUV,price_bin,2024,0.28183503350607114,0.27789245517636024,0.2643723654284077,0.29023098993564916,0.025858624507241468,0.32901892669651134,0.2255844286675455
vehicle_type,CUV,price_bin,2023,0.2736752546405435,0.26723054305399674,0.25915642236287834,0.27963468042978834,0.020478258066910004,0.3103520675301533,0.22843903526251333
vehicle_type,CUV,price_bin,2022,0.26982684089897063,0.2628074068057441,0.2478393623407367,0.2812972560135492,0.033457893672812516,0.331484096522768,0.19765252183151794
vehicle_type,CUV,price_bin,2025,0.28301042628873035,0.2749718128754501,0.26422334125540514,0.2912768753225402,0.027053534067135065,0.3318571764232428,0.22364304015470254
vehicle_type,Pickup,price_bin,2023,0.21042919277907476,0.21009373208835663,0.19136414021147685,0.21887906706482135,0.0275149268533445,0.26015145734483813,0.1500917499314601
vehicle_type,Pickup,price_bin,2022,0.2033708319673056,0.20573216971481353,0.18061845008607044,0.21653571182490064,0.0359172617388302,0.27041160443314594,0.12674255747782515
vehicle_type,Pickup,price_bin,2025,0.22210406330216836,0.21776410994400436,0.20657995361534967,0.22873912309281627,0.0221591694774666,0.26197787730901617,0.17334119939914977
vehicle_type,Pickup,price_bin,2024,0.2213347332301601,0.21728029409203442,0.20768398039894612,0.22601748261903465,0.018333502220088532,0.25351773594916743,0.1801837270688133
vehicle_type,Minivan,price_bin,2022,0.33965001996999705,0.33878083366887835,0.22817961732039335,0.4377046380921975,0.20952502077180415,0.7519921692499038,-0.0861079138373129
vehicle_type,Car,price_bin,2022,0.2930964706522016,0.2828481472460268,0.268284609553769,0.3067420567547781,0.03845744720100913,0.3644282275562918,0.21059843875225528
vehicle_type,Car,price_bin,2024,0.32580566423448787,0.31326375514527083,0.3008548560812418,0.34143326658448614,0.040578410503244344,0.4023008823393527,0.23998724032637528
vehicle_type,Car,price_bin,2023,0.30930494203907394,0.3015296589838845,0.2893538610682128,0.3198079145161286,0.030454053447915796,0.36548899468800233,0.24367278089633912
vehicle_type,Car,price_bin,2025,0.3303521389858193,0.3151034843243694,0.29535999645508176,0.352632168912723,0.05727217245764121,0.43854042759918477,0.20945173776861994
vehicle_type,Car,price_bin,2018,0.32705993387361665,0.3270901563530292,0.29694725374899533,0.3520717789701744,0.055124525221179055,0.43475856680194297,0.21426046591722675
vehicle_type,Car,price_bin,2019,0.32647797159235836,0.32765068236476763,0.2953120070261915,0.35005925043682545,0.05474724341063397,0.4321801155527764,0.21319114191024052
vehicle_type,Pickup,price_bin,2019,0.24014779052881033,0.23788804075881534,0.22173299978896785,0.25243581745268173,0.030702817663713883,0.29849004394825257,0.17567877329339704
vehicle_type,Pickup,price_bin,2020,0.23055259787836643,0.23085497844016692,0.2077034131156711,0.24650519031141865,0.03880177719574757,0.30470785610504003,0.14950074732204974
vehicle_type,Pickup,price_bin,2021,0.21443529790368973,0.21856504761480952,0.18468191649820137,0.2363582825336682,0.051676366035466825,0.3138728315868684,0.10716736744500113
vehicle_type,Pickup,price_bin,2018,0.2400328441081759,0.2381467716595231,0.21246463200632773,0.26045092035929296,0.04798628835296523,0.3324303528887408,0.14048519947687987
vehicle_type,Car,price_bin,2020,0.32602435143975333,0.32249152399725234,0.3074574439172069,0.33787629757785465,0.030418853660647727,0.3835045780688262,0.2618291634262353
vehicle_type,Car,price_bin,2021,0.2975510226830604,0.2906758471807024,0.2788347745977933,0.3084427589806853,0.029607984382891972,0.3528547355550232,0.23442279802345536
vehicle_type,SUV,price_bin,2019,0.21395854051250623,0.20482570078302123,0.1879021514538384,0.2199837392245513,0.032081587770712905,0.2681061208806207,0.13977976979776904
vehicle_type,SUV,price_bin,2018,0.21152737115662587,0.20044291941667686,0.18517758550589164,0.2186086822290767,0.03343109672318506,0.2687553273138543,0.13503094042111405
vehicle_type,SUV,price_bin,2020,0.2151479671747615,0.21114132768978458,0.18441390460283322,0.22479303166225292,0.040379127059419706,0.28536172225138245,0.12384521401370366
vehicle_type,SUV,price_bin,2021,0.21508975104146633,0.21553154244835973,0.1725807651498404,0.2357100424322549,0.06312927728241452,0.33040395835587666,0.07788684922621861
vehicle_type,SUV,price_bin,2023,0.2410866570036226,0.2476838816990547,0.1805859991939225,0.27619088436718253,0.09560488517326005,0.4195982121270726,0.03717867143403242
vehicle_type,SUV,price_bin,2025,0.2415519575348946,0.23619785848762306,0.18696692787664176,0.2713524132835954,0.08438548540695362,0.3979306413940258,0.060388699766211335
vehicle_type,SUV,price_bin,2022,0.2310505410688101,0.24220340302412569,0.17239605299254374,0.26612310478854473,0.09372705179600099,0.40671368248254625,0.031805475298542246
vehicle_type,SUV,price_bin,2024,0.24954952871483466,0.24663533476291025,0.19197589756154299,0.2802589594012476,0.08828306183970464,0.41268355216080455,0.05955130480198603
vehicle_type,Minivan,price_bin,2021,0.32018297814846886,0.3163792229494824,0.23653390834585397,0.38505263472526197,0.148518726379408,0.6078307242943739,0.01375581877674198
vehicle_type,Minivan,price_bin,2018,0.2933819611478965,0.2790579907731149,0.2613357738430032,0.30645255037156505,0.04511677652856183,0.3741277151644078,0.19366060905016047
vehicle_type,Minivan,price_bin,2020,0.32128890975518376,0.30760377113647513,0.26610794276796806,0.35326382517510946,0.0871558824071414,0.4839976487858215,0.13537411915725597
vehicle_type,Minivan,price_bin,2019,0.3205923460507389,0.3072956358278718,0.26577253034014825,0.35275754422476585,0.0869850138846176,0.4832350650516922,0.13529500951322185
vehicle_type,CUV,price_bin,2019,0.2688370497666267,0.26651911778897963,0.24509588262338589,0.284731678529621,0.039635795906235116,0.3441853723889737,0.1856421887640332
vehicle_type,CUV,price_bin,2018,0.27641033821049976,0.27287830809789526,0.25710383802523035,0.2880448867391074,0.03094104871387704,0.33445645980992295,0.2106922649544148
vehicle_type,CUV,price_bin,2020,0.26631802559206724,0.2629576686991787,0.2478420964159266,0.2763508389125171,0.028508742496590495,0.31911395265740283,0.20507898267104085
vehicle_type,Minivan,price_bin,2023,0.3507628904182948,0.3433606265574938,0.25196339162522197,0.42661866537200316,0.1746552737467812,0.6886015759921749,-0.010019518994949794
price_bin,$60k-$70k,make,2025,0.16640294488244428,0.13592024073923364,0.11616870678970444,0.16614358735223844,0.049974880562534005,0.24110590819603944,0.04120638594590344
price_bin,$60k-$70k,make,2024,0.16354014908659484,0.13591302453334353,0.11810264572512079,0.16462829625738049,0.046525650532259696,0.23441677205577002,0.04831416992673125
price_bin,$50k-$60k,make,2025,0.14902660754270208,0.12228120613369572,0.10586788276166427,0.14931569277855986,0.043447810016895586,0.21448740780390324,0.040696167736320885
price_bin,$70k+,make,2021,0.1599255208444777,0.13135289166933892,0.11361631212626214,0.16101914767630693,0.04740283555004479,0.23212340100137413,0.04251205880119495
price_bin,$70k+,make,2024,0.15791028201714122,0.12190462045597703,0.1079787758341394,0.1565891632947544,0.048610387460614995,0.22950474448567687,0.0350631946432169
price_bin,$30k-$40k,make,2023,0.13170459348683558,0.10320504075290068,0.08216048673401258,0.13414823664315806,0.05198774990914548,0.2121298615068763,0.004178861870294356
price_bin,$50k-$60k,make,2022,0.1246344545663615,0.10043110534241445,0.09053907974056569,0.11978265570934256,0.029243575968776872,0.16364801966250786,0.04667371578740038
price_bin,$20k-$30k,make,2025,0.13967038282678268,0.11228803042799336,0.07789015560697467,0.14462468562895237,0.0667345300219777,0.2447264806619189,-0.022211639425991872
price_bin,$50k-$60k,make,2023,0.12764647925087871,0.10437808415080348,0.09239397624588232,0.12492247214472207,0.03252849589883976,0.1737152159929817,0.04360123239762268
price_bin,$60k-$70k,make,2023,0.1550812517694864,0.1303231021322001,0.1125204843612174,0.1550986544052044,0.04257817004398701,0.2189659094711849,0.04865322929523688
price_bin,$60k-$70k,make,2022,0.14637224233601887,0.11928239393325435,0.10797446029700179,0.14339227170275262,0.03541781140575083,0.19651898881137886,0.05484774318837555
price_bin,$40k-$50k,make,2024,0.1355907708554377,0.10816793299896584,0.09626360159976685,0.13374115637120165,0.0374775547714348,0.18995748852835387,0.04004726944261465
price_bin,$30k-$40k,make,2024,0.13779472314734503,0.10874586082839435,0.08772270311148136,0.14066083831858867,0.0529381352071073,0.2200680411292496,0.008315500300820414
price_bin,$10k-$20k,make,2022,0.40378348894180355,0.10261317004519865,0.07861436814003876,0.7517287906898296,0.6731144225497908,1.7614004245145158,-0.9310572656846475
price_bin,$20k-$30k,make,2022,0.14294577147093174,0.11666698073504564,0.07870879059158947,0.15521980710909808,0.0765110165175086,0.269986331885361,-0.03605773418467344
price_bin,$10k-$20k,make,2024,0.3713250826250847,0.09806432897376323,0.07419533951082774,0.659598361738671,0.5854030222278432,1.537702895080436,-0.8039091938309371
price_bin,$30k-$40k,make,2022,0.130366947392074,0.0998656980294316,0.08089278139672237,0.13475527556930555,0.05386249417258318,0.21554901682818034,9.904013784760302e-5
price_bin,$20k-$30k,make,2024,0.13700844793592207,0.11281067071981053,0.07709623152114548,0.14260873254078396,0.06551250101963849,0.24087748407024168,-0.021172520008312254
price_bin,$20k-$30k,make,2023,0.14284399000923265,0.12060705167466768,0.0775863524280111,0.15487360062936836,0.07728724820135727,0.27080447293140425,-0.038344519874024804
price_bin,$30k-$40k,make,2025,0.14796610977847197,0.11576702027190536,0.08865194436547812,0.15714786160004168,0.06849591723456357,0.25989173745188704,-0.01409193148636724
price_bin,$0-$10k,make,2022,0.10180908689054342,0.09419966631534252,0.0916763216421971,0.09892918881631327,0.007252867174116162,0.10980848957748751,0.08079702088102286
price_bin,$40k-$50k,make,2022,0.13247558276297333,0.10308824448616034,0.09126882734920201,0.13377796290683028,0.042509135557628266,0.19754166624327268,0.027505124012759605
price_bin,$40k-$50k,make,2025,0.13860486931586197,0.111346207799495,0.09818318420872887,0.13718875924922233,0.039005575040493456,0.19569712180996252,0.03967482164798869
price_bin,$50k-$60k,make,2024,0.1442009090929899,0.11923496503379066,0.10438677837106569,0.14340645890486386,0.03901968053379817,0.20193597970556112,0.04585725757036843
price_bin,$40k-$50k,make,2023,0.13574074742016157,0.10711096538129267,0.09331296419136534,0.13714938694977458,0.04383642275840924,0.20290402108738842,0.02755833005375148
price_bin,$10k-$20k,make,2023,0.45387547078078483,0.093835393122725555,0.07635185570324345,0.9104921579232018,0.8341403022199584,2.1617026112531392,-1.174858597626694
price_bin,$10k-$20k,make,2025,0.3764839557608723,0.10607609790438398,0.07361740320222865,0.6875527070332265,0.6139353038309978,1.6084556627797233,-0.8472855525442681
price_bin,$0-$10k,make,2023,0.1151878919186162,0.09105997272900276,0.08787732059011927,0.09573888872265525,0.007861568132535982,0.10753124092145921,0.07608496839131529
price_bin,$0-$10k,make,2024,0.1268772404997092,0.08499984040346005,0.08241507435948178,0.08986588682251236,0.007450812463030573,0.10104210551705822,0.07123885566493593
price_bin,$10k-$20k,make,2018,0.2078200353762974,0.1675504553950086,0.08508125093542283,0.2601537656482711,0.17507251471284824,0.5227625377175434,-0.1775275211338495
price_bin,$10k-$20k,make,2019,0.21308987302653482,0.17789178645773573,0.0843058409710324,0.27309584241144624,0.18879000144041386,0.5562808445720671,-0.19887916118958843
price_bin,$20k-$30k,make,2019,0.12585490448134123,0.10187678815496554,0.07984038483104511,0.12358573352469045,0.04374534869364534,0.18920375656515848,0.014222361790577093
price_bin,$30k-$40k,make,2019,0.13153443933200118,0.10626530353250319,0.08693907181428011,0.13320423485341495,0.046265163039134846,0.20260197941211722,0.017541327255577846
price_bin,$20k-$30k,make,2020,0.12864044517082523,0.10431536722865511,0.07868188733676765,0.12996751459826844,0.051285627261500794,0.20689595549051965,0.0017534464445164571
price_bin,$30k-$40k,make,2021,0.12201793390138917,0.09713246654478896,0.0796747509683825,0.1221151318541905,0.042440380885807996,0.18577570318290249,0.0160141796396705
price_bin,$50k-$60k,make,2021,0.12925424948523018,0.1064478803530276,0.09656901357121697,0.12615169829514095,0.029582684723923974,0.1705257253810269,0.05219498648533101
price_bin,$30k-$40k,make,2018,0.12044918237439974,0.09692617252480167,0.08127688728314,0.11950267183026407,0.03822578454712407,0.17684134865095016,0.023938210462453903
price_bin,$40k-$50k,make,2020,0.13548070105243548,0.1104829526779227,0.09926168290793858,0.13289547567787655,0.03363379276993797,0.1833461648327835,0.04881099375303162
price_bin,$30k-$40k,make,2020,0.12686304377316143,0.10190726064213207,0.08672082912823331,0.12546176896915556,0.03874093984092225,0.18357317873053894,0.028609419366849936
price_bin,$60k-$70k,make,2020,0.15204975555936592,0.12189910165453854,0.10680175265844233,0.15437836153156292,0.047576608873120596,0.22574327484124382,0.035436839348761434
price_bin,$0-$10k,make,2020,0.09199616738226937,0.08628219513977504,0.08437560764717825,0.08996586216663442,0.005590254519456175,0.09835124394581868,0.07599022586799398
price_bin,$0-$10k,make,2018,0.1344371977330546,0.08753049894783266,0.08489683653794639,0.09265019149899004,0.007753354961043651,0.10428022394055551,0.07326680409638091
price_bin,$40k-$50k,make,2018,0.13539756564291655,0.1102284468786023,0.09768506900285638,0.13385604041418156,0.03617097141132518,0.18811249753116932,0.043428611885868613
price_bin,$10k-$20k,make,2020,0.22788529660111095,0.14803804994054698,0.08125850335094462,0.29231678551456497,0.21105828216362035,0.6089042087599955,-0.23532891989448593
price_bin,$60k-$70k,make,2019,0.149617293612737,0.11742937212011025,0.10102849271940181,0.15287872080120402,0.0518502280818022,0.23065406292390733,0.02325315059669851
price_bin,$60k-$70k,make,2021,0.14678192070243493,0.1228044364164445,0.10953210658404189,0.14598939483208492,0.036457288248043035,0.2006753272041495,0.054846174211977336
price_bin,$50k-$60k,make,2020,0.14144852024141422,0.11498966875232614,0.10468198637523363,0.14030960793765868,0.03562762156242505,0.19375104028129625,0.05124055403159605
price_bin,$40k-$50k,make,2021,0.12789740123315205,0.10294561209724551,0.09404137614119731,0.12352145397921936,0.029480077838022048,0.16774157073625243,0.04982125938416424
price_bin,$40k-$50k,make,2019,0.14073402693561682,0.11648508507447905,0.09717600003091482,0.14356770927805448,0.04639170924713966,0.21315527314876398,0.02758843616020533
price_bin,$20k-$30k,make,2018,0.12299137603583567,0.09978023480102723,0.07886591644702089,0.12128512572832237,0.04241920928130148,0.18491393965027458,0.015237102525068671
price_bin,$20k-$30k,make,2021,0.13307045477460147,0.11214540550471395,0.07845507686572976,0.13953785682667758,0.06108277996094781,0.2311620267680993,-0.01316909307569196
price_bin,$10k-$20k,make,2021,0.2351446971071648,0.11637080867850097,0.07944767585941662,0.3159183673469388,0.23647069148752217,0.670624404578222,-0.27525836137186666
price_bin,$50k-$60k,make,2018,0.14298524231354245,0.11774162840114977,0.10555449161824104,0.14166591594973202,0.03611142433149098,0.19583305244696847,0.05138735512100458
price_bin,$50k-$60k,make,2019,0.14065133193828297,0.1130463885194146,0.1013678456169854,0.1413371021274738,0.039969256510488396,0.2012909868932064,0.04141396085125281
price_bin,$70k+,make,2018,0.16497244339441683,0.12557090512824026,0.1100570027822402,0.16785866038931346,0.05780165760707326,0.25456114679992337,0.023354516371630316
price_bin,$70k+,make,2019,0.1696116868849184,0.12851568998109633,0.10973556299381686,0.17625142719788475,0.0665158642040679,0.2760252235039866,0.00996176668771502
price_bin,$70k+,make,2023,0.15911159490761764,0.12803110027592823,0.11263541902549583,0.15741162064586872,0.044776201620372894,0.22457592307642807,0.04547111659493648
price_bin,$70k+,make,2022,0.15768242588739875,0.1260152710425062,0.11289174325292282,0.15494299385633273,0.042051250603409904,0.21801986976144758,0.049814867347807976
price_bin,$60k-$70k,make,2018,0.1424289293600816,0.11552065663295936,0.09706776261559928,0.1469034605975375,0.04983569798193822,0.22165700757044485,0.02231421564269194
price_bin,$0-$10k,make,2019,0.09283674709668696,0.08664300729388758,0.08434489005728456,0.09095392901066213,0.006609038953377569,0.10086748744072849,0.07443133162721821
price_bin,$0-$10k,make,2021,0.0972523570593844,0.09029450985380832,0.0877466230694751,0.09413739644302838,0.006390773373553274,0.1037235565033583,0.0781604630091452
price_bin,$70k+,make,2025,0.160013621508202,0.12293214734813687,0.1076188194959315,0.16020012898862226,0.05258130949269077,0.23907209322765843,0.02874685525689534
price_bin,$0-$10k,make,2025,0.09477993431111185,0.0810345386471821,0.0787381790626985,0.08524621689063895,0.006508037827940447,0.09500827363254963,0.06897612232078784
price_bin,$70k+,make,2020,0.16683473700674115,0.12700154958677687,0.1113209257662298,0.170365115495718,0.0590441897294882,0.2589314000899503,0.022754641171997506
price_bin,$60k-$70k,powertrain,2025,0.6153732471098581,0.5966848340164856,0.4951684229686806,0.7267962295366612,0.23162780656798065,1.0742379393886323,0.1477267131167096
price_bin,$60k-$70k,powertrain,2024,0.6065375376352862,0.5785229235488014,0.4898409550432752,0.7121790607206242,0.22233810567734902,1.0456862192366478,0.15633379652725166
price_bin,$50k-$60k,powertrain,2025,0.6445387564203687,0.6422340977750407,0.5354802139795231,0.7425461872965184,0.2070659733169954,1.0531451472720115,0.22488125400402997
price_bin,$70k+,powertrain,2021,0.6331758333493057,0.6417470518825928,0.43778446173623414,0.8196018480595209,0.3818173863232867,1.392327927544451,-0.1349416177486959
price_bin,$70k+,powertrain,2024,0.6256746879394913,0.6282057228064309,0.4972838388411046,0.7415610302409577,0.24427719139985304,1.1079768173407372,0.13086805174132504
price_bin,$30k-$40k,powertrain,2023,0.8428689993946766,0.8363630011354704,0.7982572129251637,0.8943694831927845,0.09611227026762081,1.0385378885942158,0.6540888075237326
price_bin,$50k-$60k,powertrain,2022,0.7356041189640052,0.7308802858642823,0.6443449628396034,0.822398479205648,0.1780535163660446,1.0894787537547148,0.3772646882905365
price_bin,$20k-$30k,powertrain,2025,0.7715095274068687,0.7868736693091052,0.7360434138821546,0.8136845101111748,0.07764109622902027,0.9301461544547052,0.6195817695386241
price_bin,$50k-$60k,powertrain,2023,0.6619174246767071,0.658394676405802,0.5628131283759953,0.7545762044332498,0.1917630760572545,1.0422208185191315,0.2751685142901135
price_bin,$60k-$70k,powertrain,2023,0.6021198753100063,0.5975944667649901,0.48714577914699125,0.7042209214644158,0.21707514231742459,1.0298336349405526,0.1615330656708544
price_bin,$60k-$70k,powertrain,2022,0.6320863935620443,0.6321214644344801,0.5001266737079727,0.7537600780928154,0.2536334043848427,1.1342101846700796,0.11967656713070862
price_bin,$40k-$50k,powertrain,2024,0.724444911036953,0.7167631712059371,0.6626720237559423,0.7898318165443623,0.12715979278842005,0.9805715057269924,0.4719323345733122
price_bin,$30k-$40k,powertrain,2024,0.8310068201316201,0.8259925345302459,0.7731373790439697,0.8948915151817304,0.12175413613776065,1.0775227193883714,0.5905061748373288
price_bin,$10k-$20k,powertrain,2022,0.8273079746520925,0.7145073888254636,0.6703708170748359,1,0.3296291829251641,1.4944437743877461,0.1759270426870898
price_bin,$20k-$30k,powertrain,2022,0.8816690638418402,0.8835353912752196,0.7792971731435374,0.9874619730514603,0.20816479990792291,1.2997091729133448,0.46704997328165304
price_bin,$10k-$20k,powertrain,2024,0.8378951927515816,0.761659674015749,0.7273908632439247,1,0.27260913675607534,1.408913705134113,0.31847715810981164
price_bin,$30k-$40k,powertrain,2022,0.8653723224919777,0.8570137703000723,0.8035704412125333,0.9299362455692917,0.12636580435675837,1.1194849521044292,0.6140217346773957
price_bin,$20k-$30k,powertrain,2024,0.8291010330363398,0.8297746583453163,0.8104591155836387,0.8566930625863977,0.04623394700275896,0.926043983090536,0.7411081950795002
price_bin,$20k-$30k,powertrain,2023,0.880385439405163,0.8660472776786151,0.8195486450645871,0.9495747727495544,0.13002612768496724,1.1446139642770052,0.6245094535371363
price_bin,$30k-$40k,powertrain,2025,0.8076660285801138,0.8023677950951337,0.7445493379322228,0.8733434125773236,0.12879407464510084,1.0665345245449749,0.5513582259645715
price_bin,$0-$10k,powertrain,2022,0.6932010177941683,0.6926614606281829,0.681019411778834,0.7037498904309715,0.02273047865213751,0.7378456084091778,0.6469236938006278
price_bin,$40k-$50k,powertrain,2022,0.8164626352445568,0.8104819964036664,0.7644303801324799,0.8690422800644511,0.10461189993197118,1.025960129962408,0.6075125302345231
price_bin,$40k-$50k,powertrain,2025,0.7330709415586087,0.732483454788816,0.6575385368042457,0.8065652473391886,0.14902671053494287,1.030105313141603,0.43399847100183137
price_bin,$50k-$60k,powertrain,2024,0.6424827903818003,0.6370792903573632,0.5465496506695906,0.7340146719520982,0.18746502128250764,1.0152122038758598,0.26535211874582915
price_bin,$40k-$50k,powertrain,2023,0.7731836212686277,0.7681877093504659,0.7052126744351821,0.8419792508858377,0.1367665764506556,1.047129115561821,0.5000628097591987
price_bin,$10k-$20k,powertrain,2023,0.8336505477503948,0.7313461557483223,0.6875867374229914,1,0.31241326257700863,1.468619893865513,0.21896684355747842
price_bin,$10k-$20k,powertrain,2025,0.8430110190372061,0.7923875432525951,0.7639844428578403,0.9622781065088757,0.1982936636510354,1.2597186019854287,0.4665439473812872
price_bin,$0-$10k,powertrain,2023,0.6658011871968982,0.6584227156366145,0.6476004009495767,0.668023893637214,0.020423492687637324,0.69865913266867,0.6169651619181207
price_bin,$0-$10k,powertrain,2024,0.6622991402610232,0.6496064083909048,0.6366923488433918,0.6590044060373041,0.022312057193912382,0.6924724918281727,0.6032242630525232
price_bin,$10k-$20k,powertrain,2018,0.8477281253381667,0.793074771731763,0.7178592102421425,0.9857169360245225,0.26785772578238,1.3875035246980925,0.3160726215685725
price_bin,$10k-$20k,powertrain,2019,0.8373619696877007,0.7732365426814296,0.680118283001566,1,0.31988171699843404,1.479822575497651,0.2002957075039149
price_bin,$20k-$30k,powertrain,2019,0.7916892212181372,0.7710929683789792,0.6579245866919772,0.9301882047492775,0.27226361805730037,1.338583631835228,0.24952915960602662
price_bin,$30k-$40k,powertrain,2019,0.7728028253966228,0.7617692864032883,0.7043757556260086,0.8446221994975442,0.14024644387153562,1.0549918653048476,0.4940060898187052
price_bin,$20k-$30k,powertrain,2020,0.8279880323101901,0.8081403892487709,0.7025340437563671,0.9592787316835125,0.25674468792714544,1.3443957635742307,0.3174170118656489
price_bin,$30k-$40k,powertrain,2021,0.831633622133384,0.8216275301846591,0.7758754074984742,0.8929658776919585,0.11709047019348429,1.0686015829821849,0.6002397022082477
price_bin,$50k-$60k,powertrain,2021,0.7429171029145375,0.738168094062999,0.6793893580948682,0.8024691358024691,0.12307977770760092,0.9870888023638705,0.49476969153346684
price_bin,$30k-$40k,powertrain,2018,0.7319609722421276,0.711849993389721,0.6370885516290286,0.8312372793582395,0.194148727729211,1.122460370952056,0.34586546003521207
price_bin,$40k-$50k,powertrain,2020,0.7603969460082953,0.7548116633946851,0.7076189883917784,0.8149478084232502,0.10732882003147182,0.9759410384704579,0.5466257583445706
price_bin,$30k-$40k,powertrain,2020,0.8060207787566502,0.797900550079431,0.7531153119559655,0.8639516851796365,0.11083637322367101,1.030206245015143,0.586860752120459
price_bin,$60k-$70k,powertrain,2020,0.6811926154982337,0.7270794164251526,0.49716478156074506,0.8603495402422876,0.36318475868154254,1.4051266782646015,-0.047612356461568806
price_bin,$0-$10k,powertrain,2020,0.7254834375446839,0.7266414141414143,0.7148274400526652,0.7372957927461291,0.022468352693463922,0.770998321786325,0.6811249110124693
price_bin,$0-$10k,powertrain,2018,0.8240295525475074,0.8189533019876277,0.8076894485612695,0.8285228601698332,0.02083341160856378,0.8597729775826789,0.7764393311484238
price_bin,$40k-$50k,powertrain,2018,0.7097133982490625,0.7005141147802103,0.6444182729020161,0.7795923647017968,0.13517409179978068,0.9823535024014678,0.4416571352023451
price_bin,$10k-$20k,powertrain,2020,0.8358035694044401,0.7543859649122807,0.678677467122422,1,0.32132253287757795,1.481983799316367,0.19669366780605513
price_bin,$60k-$70k,powertrain,2019,0.6939067174624987,0.7355371900826447,0.5020258905365693,0.8836755128042876,0.38164962226771826,1.4561499462058651,-0.07044854286500812
price_bin,$60k-$70k,powertrain,2021,0.6612355584692102,0.6685499147234307,0.5489906347554632,0.7686458670507155,0.2196552322952523,1.098128715493594,0.21950778631258472
price_bin,$50k-$60k,powertrain,2020,0.7244237703548876,0.7385123143349491,0.6055103137241179,0.8414617177642143,0.2359514040400964,1.1953888238243588,0.2515832076639733
price_bin,$40k-$50k,powertrain,2021,0.7832347860599151,0.7777757792351696,0.7588978125413507,0.8049122668380321,0.046014454296681384,0.8739339482830542,0.6898761310963286
price_bin,$40k-$50k,powertrain,2019,0.7381078670415957,0.7318990981260785,0.67123032842751,0.8087728451749481,0.13754251674743811,1.0150866202961053,0.4649165533063528
price_bin,$20k-$30k,powertrain,2018,0.7662127631390792,0.7290934089369895,0.6351228701316132,0.902426862022702,0.2673039918910888,1.3033828498593352,0.23416688229498
price_bin,$20k-$30k,powertrain,2021,0.850885009966635,0.8252501327970541,0.748594309069186,0.9587064522729104,0.2101121432037244,1.273874667078497,0.4334260942635994
price_bin,$10k-$20k,powertrain,2021,0.8400102898960671,0.7427485026205788,0.6896942331069003,1,0.31030576689309974,1.4654586503396496,0.22423558276725064
price_bin,$50k-$60k,powertrain,2018,0.6718873319331534,0.6964285714285714,0.5233211104582867,0.8204337882503802,0.2971126777920935,1.2661028049385203,0.07765209377014642
price_bin,$50k-$60k,powertrain,2019,0.7006547712117586,0.7258145599648097,0.5652565817803826,0.8362526988949109,0.2709961171145283,1.2427468745667034,0.15876240610859016
price_bin,$70k+,powertrain,2018,0.716750309385093,0.7628816752377718,0.539447731755424,0.8948703931276125,0.3554226613721885,1.4280043851858952,0.0063137396971413295
price_bin,$70k+,powertrain,2019,0.687359309254571,0.7345772526802682,0.5018647195644413,0.8664044779858392,0.36453975842139785,1.413214115617936,-0.04494491806765544
price_bin,$70k+,powertrain,2023,0.6324595796797697,0.6251941609353381,0.48326735717749003,0.7737173828281532,0.29045002565066314,1.2093924213041478,0.04759231870149533
price_bin,$70k+,powertrain,2022,0.6389657550066483,0.654320987654321,0.43940018159129535,0.8291503662933567,0.38975018470206135,1.4137756433464488,-0.14522509546179663
price_bin,$60k-$70k,powertrain,2018,0.6884192887251152,0.7394308975211143,0.5,0.8774579742046787,0.37745797420467875,1.443644935511697,-0.06618696130701807
price_bin,$0-$10k,powertrain,2019,0.7675825536396675,0.7689875008319482,0.7580350896048584,0.7783896500167582,0.020354560411899758,0.8089214906346078,0.7275032489870088
price_bin,$0-$10k,powertrain,2021,0.7106238072983037,0.7106507901286329,0.6979259041823254,0.7241195588470349,0.026193654664709576,0.7634100408440994,0.658635422185261
price_bin,$70k+,powertrain,2025,0.6382773326312012,0.6536160630512291,0.4987355870978767,0.7673029044808654,0.26856731738298867,1.1701538805553484,0.09588461102339368
price_bin,$0-$10k,powertrain,2025,0.6566278657475731,0.6539306230269362,0.6427276029227968,0.6623342277155805,0.019606624792783633,0.691744164904756,0.6133176657336215
price_bin,$70k+,powertrain,2020,0.6700943019041596,0.7224871631057923,0.4607086258756199,0.8700696495269042,0.40936102365128435,1.4841111850038309,-0.15333290960130663
price_bin,$60k-$70k,vehicle_type,2025,0.3486243153854611,0.3322615449346663,0.3029500507307336,0.36494338430992646,0.061993333579192844,0.4579333846787157,0.20996005036194434
price_bin,$60k-$70k,vehicle_type,2024,0.36344842181260084,0.3462784045057339,0.32344052763516884,0.380292819224696,0.05685229158952715,0.4655712566089867,0.23816209025087812
price_bin,$50k-$60k,vehicle_type,2025,0.34270438466005715,0.32811659027859186,0.31348075648655566,0.3511272985397512,0.037646542053195564,0.4075971116195446,0.25701094340676234
price_bin,$70k+,vehicle_type,2021,0.3505006863781711,0.3308055797015061,0.30861578307977616,0.3683431952662722,0.05972741218649602,0.4579343135460162,0.21902466480003213
price_bin,$70k+,vehicle_type,2024,0.3372761668840594,0.320559834521436,0.299837800915585,0.35167432207582094,0.05183652116023596,0.4294291038161749,0.22208301917523104
price_bin,$30k-$40k,vehicle_type,2023,0.4098069462367549,0.42295713360414733,0.2713131518786863,0.536283401319172,0.26497024944048564,0.9337387754799005,-0.12614222228204214
price_bin,$50k-$60k,vehicle_type,2022,0.3219546017156139,0.3098461488747951,0.29773153944115016,0.3278537386435111,0.030122199202360922,0.37303703744705247,0.2525482406376088
price_bin,$20k-$30k,vehicle_type,2025,0.40510006310475044,0.41676568770947114,0.3065420048286668,0.4816065920642106,0.1750645872355438,0.7442034729175262,0.04394512397535111
price_bin,$50k-$60k,vehicle_type,2023,0.33359551259886094,0.321568755631415,0.30410209655761716,0.34375,0.03964790344238284,0.40322185516357423,0.2446302413940429
price_bin,$60k-$70k,vehicle_type,2023,0.3557412577521783,0.33898971054284055,0.3152872301150678,0.36941722528477494,0.054129995169707124,0.4506122180393356,0.23409223736050713
price_bin,$60k-$70k,vehicle_type,2022,0.3477073188666612,0.3332411006374449,0.30843702624697406,0.36282848828602343,0.054391462039049376,0.4444156813445975,0.2268498331884
price_bin,$40k-$50k,vehicle_type,2024,0.33640667346246356,0.32764900906467787,0.30267274282111745,0.35354960233545496,0.050876859514337514,0.42986489160696123,0.22635745354961118
price_bin,$30k-$40k,vehicle_type,2024,0.4175591731312661,0.42039187445752374,0.283579369478376,0.5397396376286141,0.2561602681502381,0.9239800398539713,-0.10066103274698118
price_bin,$10k-$20k,vehicle_type,2022,0.6565090831053393,0.4138654147914983,0.36855286649474306,1,0.6314471335052569,1.9471707002578853,-0.5786178337631424
price_bin,$20k-$30k,vehicle_type,2022,0.4311838148271054,0.4150317529423374,0.3269280522983479,0.5238137587996695,0.1968857065013216,0.8191423185516519,0.03159949254636557
price_bin,$10k-$20k,vehicle_type,2024,0.5872341359075206,0.3812470728106669,0.329560819478266,0.8873110489705343,0.5577502294922683,1.7239363932089367,-0.5070645247601364
price_bin,$30k-$40k,vehicle_type,2022,0.39700357082795945,0.3955755397596813,0.26874262091777334,0.5137211400314077,0.24497851911363433,0.8811889187018591,-0.09872515775267815
price_bin,$20k-$30k,vehicle_type,2024,0.4093494792373582,0.41500000000000004,0.3056219072065226,0.49445423262130894,0.18883232541478634,0.7777027207434885,0.022373419084343094
price_bin,$20k-$30k,vehicle_type,2023,0.42462928351172746,0.4237684687092855,0.3171437536146129,0.5174437953143364,0.20030004169972349,0.8178938578639217,0.01669369106502766
price_bin,$30k-$40k,vehicle_type,2025,0.40007348298461715,0.3905132689228068,0.289955906066165,0.49749088627594645,0.20753498020978145,0.8087933565906187,-0.02134656424850717
price_bin,$0-$10k,vehicle_type,2022,0.45865649308404194,0.45271905584167765,0.44250140874270283,0.46866260624480954,0.026161197502106714,0.5079044024979696,0.4032596124895428
price_bin,$40k-$50k,vehicle_type,2022,0.330542740550514,0.32151144240896856,0.2777962181851733,0.3678291636875326,0.0900329455023593,0.5028785819410715,0.14274679993163436
price_bin,$40k-$50k,vehicle_type,2025,0.31977231730796685,0.30648434195178564,0.2937595286208351,0.3271293113882712,0.03336978276743613,0.37718398553942545,0.2437048544696809
price_bin,$50k-$60k,vehicle_type,2024,0.3413283319365264,0.3262367403062649,0.31367803148041523,0.3508609513070361,0.037182919826620864,0.40663533104696736,0.2579036517404839
price_bin,$40k-$50k,vehicle_type,2023,0.3394925416344364,0.33081093822136665,0.29491471112142564,0.3684549342217693,0.07354022310034364,0.47876526887228477,0.1846043764709102
price_bin,$10k-$20k,vehicle_type,2023,0.6386752186703736,0.3916083801701289,0.3500840937780367,1,0.6499159062219633,1.974873859332945,-0.6247897655549082
price_bin,$10k-$20k,vehicle_type,2025,0.5758128399385355,0.38924890930800016,0.3152426981315858,0.8755555555555556,0.5603128574239699,1.7160248416915105,-0.525226588004369
price_bin,$0-$10k,vehicle_type,2023,0.4570190396739652,0.44197635601810936,0.43311646266135395,0.4531786711515542,0.02006220849020024,0.48327198388685455,0.4030231499260536
price_bin,$0-$10k,vehicle_type,2024,0.4413608662399476,0.41491336503581494,0.40709665441884607,0.4249445983379502,0.017847943919104103,0.4517165142166063,0.3803247385401899
price_bin,$10k-$20k,vehicle_type,2018,0.6781682743010076,0.5969327979171549,0.44547645612456377,0.9236145232912953,0.4781380671667316,1.6408216240413926,-0.27173064462553354
price_bin,$10k-$20k,vehicle_type,2019,0.6240799362610808,0.5432525951557095,0.42989854594984755,0.8250270410735583,0.39512849512371073,1.4177197837591244,-0.1627941967357186
price_bin,$20k-$30k,vehicle_type,2019,0.4072577921477807,0.3875040986954188,0.294666398615475,0.5068064181974095,0.21214001958193446,0.8250164475703111,-0.02354363075742666
price_bin,$30k-$40k,vehicle_type,2019,0.335631625984513,0.3288504509686318,0.25461092021336607,0.4044247198951421,0.14981379968177605,0.6291454194178062,0.02989022069070199
price_bin,$20k-$30k,vehicle_type,2020,0.4008423364388671,0.3987429907205744,0.29123296118116043,0.4958750767246133,0.20464211554345285,0.8028382500397926,-0.015730212134018873
price_bin,$30k-$40k,vehicle_type,2021,0.3743750320879195,0.36169982698961933,0.25390947030259875,0.485210630321116,0.23130116001851725,0.8321623703488918,-0.0930422697251771
price_bin,$50k-$60k,vehicle_type,2021,0.32098752137030967,0.3083526315482522,0.2915526449790388,0.33081274698755503,0.03926010200851621,0.38970290000032937,0.2326624919662645
price_bin,$30k-$40k,vehicle_type,2018,0.3350235584164128,0.32759856664543663,0.24434888128122798,0.4152024575437543,0.1708535762625263,0.6714828219375437,-0.011931483112561508
price_bin,$40k-$50k,vehicle_type,2020,0.3000561683758492,0.29017223439574386,0.2746585464508254,0.30727483952446444,0.03261629307363906,0.356199279134923,0.2257341068403668
price_bin,$30k-$40k,vehicle_type,2020,0.3453544915375212,0.3413315030103497,0.2563963089870705,0.4194019975673273,0.16300568858025682,0.6639105304377125,0.011887776116685261
price_bin,$60k-$70k,vehicle_type,2020,0.34665525287934706,0.3261948032812763,0.3083911982488663,0.3567827368549666,0.04839153860610029,0.429370044764117,0.23580389033971585
price_bin,$0-$10k,vehicle_type,2020,0.4557450081044284,0.4529497212838904,0.4411657016330756,0.4643459784486598,0.02318027681558421,0.49911639367203614,0.4063952864096993
price_bin,$0-$10k,vehicle_type,2018,0.43424141588208504,0.4063223783477191,0.39332173956680205,0.42144104864512527,0.028119309078323218,0.46362001226261007,0.3511427759493172
price_bin,$40k-$50k,vehicle_type,2018,0.28373899105232386,0.27248108255073,0.25923989337140546,0.2894540850948206,0.030214191723415162,0.3347753726799434,0.21391860578628272
price_bin,$10k-$20k,vehicle_type,2020,0.5330982662918038,0.5003652300949598,0.39863430560673685,0.6304938563327032,0.2318595507259663,0.9782831824216527,0.05084497951778738
price_bin,$60k-$70k,vehicle_type,2019,0.3199878275501145,0.2996854606219421,0.2824035771970482,0.3287995570475085,0.046395979850460345,0.39839352682319906,0.21280960742135765
price_bin,$60k-$70k,vehicle_type,2021,0.36453052431568866,0.3492763386168045,0.32289151811593114,0.3826721823509951,0.05978066423506395,0.472343178703591,0.23322052176333521
price_bin,$50k-$60k,vehicle_type,2020,0.321072046611123,0.30357806775019114,0.2928393714755032,0.3284578999109335,0.035618528435430286,0.3818856925640789,0.23941157882235778
price_bin,$40k-$50k,vehicle_type,2021,0.3148180690558162,0.304206672935452,0.28678644493326444,0.3297553466838425,0.04296890175057805,0.3942086993097096,0.22233309230739737
price_bin,$40k-$50k,vehicle_type,2019,0.29289854504138185,0.2823571944074293,0.2690820496246562,0.2975851561005046,0.028503106475848417,0.34033981581427725,0.22632738991088358
price_bin,$20k-$30k,vehicle_type,2018,0.422064484527697,0.3814995690893422,0.2970461356113284,0.5386515669756314,0.241605431364303,0.901059714022086,-0.0653620114351261
price_bin,$20k-$30k,vehicle_type,2021,0.42463812043105104,0.43380509688624186,0.3270923109760189,0.509164466104682,0.18207215512866315,0.7822726987976767,0.05398407828302415
price_bin,$10k-$20k,vehicle_type,2021,0.5310673629423386,0.4918065546095549,0.4055778195346819,0.6033057851239669,0.19772796558928502,0.8998977335078945,0.10898587115075437
price_bin,$50k-$60k,vehicle_type,2018,0.3018186245885838,0.2831905649687555,0.2704454069606058,0.3083854547114682,0.037940047750862405,0.36529552633776186,0.2135353353343122
price_bin,$50k-$60k,vehicle_type,2019,0.3050446748523602,0.2874895621301775,0.2758127644898345,0.3089021570264741,0.03308939253663962,0.3585362458314335,0.22617867568487507
price_bin,$70k+,vehicle_type,2018,0.3216843994171165,0.29925479229483354,0.276803677663602,0.33211527252179585,0.05531159485819387,0.4150826648090866,0.19383628537631117
price_bin,$70k+,vehicle_type,2019,0.313994399178273,0.2895455812587225,0.27296696902577655,0.3208,0.04783303097422342,0.3925495464613351,0.20121742256444142
price_bin,$70k+,vehicle_type,2023,0.339090298943066,0.3250595924644368,0.3024836594156526,0.3544332998026904,0.05194964038703781,0.43235776038324714,0.22455919883509587
price_bin,$70k+,vehicle_type,2022,0.3403940690248029,0.32309982152468264,0.30431905397586884,0.3537333684359748,0.04941431446010597,0.42785484012613373,0.23019758228570988
price_bin,$60k-$70k,vehicle_type,2018,0.31388856234019546,0.2957640668757039,0.27820839535655356,0.3205301098512408,0.042321714494687246,0.3840126815932717,0.2147258236145227
price_bin,$0-$10k,vehicle_type,2019,0.43855879747618415,0.4354413557422401,0.42319347657848905,0.44830407415603596,0.02511059757754691,0.48596997052235635,0.3855275802121687
price_bin,$0-$10k,vehicle_type,2021,0.4992726455658437,0.4959466891289819,0.4805937472448082,0.5095336015278665,0.02893985428305834,0.552943382952454,0.4371839658202207
price_bin,$70k+,vehicle_type,2025,0.3683773112109924,0.35044187911390284,0.3232297822253123,0.3899388977477146,0.06670911552240233,0.4900025710313181,0.2231661089417088
price_bin,$0-$10k,vehicle_type,2025,0.39316316239126775,0.3847013429748088,0.3780516673903339,0.3915996536889851,0.013547986298651171,0.41192163313696184,0.35772968794235716
price_bin,$70k+,vehicle_type,2020,0.3258538045026858,0.3047421289287774,0.28322448650567583,0.33808157606772077,0.054857089562044936,0.4203672104107882,0.20093885216260843
