group_var,group_level,inventory_type,listing_year,mean,median,q25,q75,IQR,upper,lower
powertrain,Battery Electric (BEV),New,2025,0.04266711333626767,0.041085480635704365,0.0340375330320469,0.04841669269419133,0.014379159662144425,0.06998543218740796,0.012468793538830264
powertrain,Battery Electric (BEV),New,2024,0.046262512365118275,0.04435309856723632,0.03762665825521215,0.05106845345889171,0.013441795203679559,0.07123114626441104,0.017463965449692812
powertrain,Battery Electric (BEV),Used,2021,0.005406185405537317,0.0045863782780558755,0.0034474833371638705,0.00625242109239689,0.0028049377552330193,0.01045982772524642,-7.599232956856587e-4
powertrain,Battery Electric (BEV),Used,2024,0.02005148031792979,0.015735710247088072,0.012542851599253285,0.02018577103212083,0.007642919432867544,0.03165015018142214,0.0010784724499519702
powertrain,Battery Electric (BEV),Used,2023,0.013141464439622932,0.011312012531891812,0.008820032979253748,0.014142382911383023,0.005322349932129275,0.022125907809576937,8.365080810598339e-4
powertrain,Battery Electric (BEV),Used,2022,0.00871514862741334,0.007060301922981531,0.005785052103273901,0.00930771975734507,0.003522667654071168,0.014591721238451821,5.010506221671497e-4
powertrain,Battery Electric (BEV),Used,2025,0.02655761580199902,0.022417082477252714,0.01758762301061984,0.028387948223523734,0.010800325212903895,0.04458843604287958,0.0013871351912639954
powertrain,Diesel,Used,2023,0.0321299195510917,0.031125883189096534,0.028097767875602406,0.0347411976837139,0.006643429808111494,0.04470634239588114,0.018132623163435165
powertrain,Diesel,Used,2022,0.03178371031553947,0.031086033696311334,0.027303897436618492,0.034463712442297595,0.007159815005679103,0.045203434950816246,0.016564174928099838
powertrain,Diesel,Used,2025,0.03458168614296016,0.03309701873810925,0.02968257451817565,0.037742402315484806,0.008059827797309155,0.04983214401144854,0.01759283282221192
powertrain,Diesel,Used,2024,0.033064054832232216,0.032067028897580535,0.02866337417651884,0.0356740452727047,0.007010671096185861,0.04619005191698349,0.018147367532240048
powertrain,Flex Fuel (E85),Used,2022,0.09686136966630846,0.09537822711680809,0.08894366995353055,0.10292513874415336,0.013981468790622814,0.12389734193008758,0.06797146676759633
powertrain,Flex Fuel (E85),Used,2024,0.07117574861085178,0.07110665998998497,0.06500768049155146,0.07624546505851067,0.011237784566959202,0.09310214190894947,0.04815100364111266
powertrain,Gasoline,New,2022,0.9345456961119353,0.9346707397110788,0.9292832349189905,0.9417149832163564,0.01243174829736593,0.9603626056624053,0.9106356124729416
powertrain,Gasoline,New,2024,0.8929710334189515,0.8943815840811549,0.8844158756800555,0.9048572709609923,0.020441395280936803,0.9355193638823975,0.8537537827586503
powertrain,Gasoline,New,2023,0.9104459543676102,0.9104148274904295,0.9037512798418084,0.9199732349702768,0.016221955128468468,0.9443061676629796,0.8794183471491057
powertrain,Gasoline,New,2025,0.8865731229151859,0.8886082870133502,0.8758174514611977,0.8994706160716299,0.02365316461043221,0.9349503629872782,0.8403377045455493
powertrain,Hybrid Electric (HEV),Used,2022,0.01964912934009513,0.019328459918225748,0.017694326789337852,0.021489022481632848,0.0037946956922949963,0.02718106602007534,0.012002283250895357
powertrain,Hybrid Electric (HEV),Used,2024,0.024038154319286093,0.023657770105784976,0.021616252394579382,0.02589168735741706,0.004275434962837679,0.03230483980167358,0.015203099950322863
powertrain,Hybrid Electric (HEV),Used,2023,0.023498809710107333,0.02317945577189714,0.02108059718732854,0.025596446700507616,0.0045158495131790745,0.032370220970276226,0.01430682291755993
powertrain,Battery Electric (BEV),New,2023,0.03401033056665369,0.03222835061390009,0.026503093524961517,0.03853136346563165,0.012028269940670133,0.05657376837663685,0.008460688613956317
powertrain,Battery Electric (BEV),New,2022,0.020736674479949167,0.019377334158709507,0.01571901865237751,0.023797865686544656,0.008078847034167145,0.035916136237795375,0.0036007481011267935
powertrain,Gasoline,Used,2023,0.8450187546978948,0.8458491143616862,0.8386572306015017,0.8531353127413576,0.014478082139855908,0.8748524359511414,0.8169401073917177
powertrain,Gasoline,Used,2024,0.8486689197273863,0.8514527845036319,0.8443769268576025,0.8582904222451081,0.013913495387505637,0.8791606653263666,0.8235066837763441
powertrain,Gasoline,Used,2022,0.8408254361783144,0.8414170453491607,0.8342834776985518,0.8504692191085131,0.01618574140996132,0.8747478312234551,0.8100048655836098
powertrain,Gasoline,Used,2025,0.8482479060632715,0.8503680128982958,0.8417113742572307,0.8592773013374412,0.01756592708021043,0.8856261919577568,0.8153624836369151
powertrain,Hybrid Electric (HEV),Used,2018,0.019421308618156972,0.018923523182466963,0.016869407865318972,0.021022603543898226,0.004153195678579254,0.027252397061767106,0.010639614347450092
powertrain,Hybrid Electric (HEV),Used,2019,0.01970734957758588,0.019277164874803833,0.017313713264644988,0.02105602586771463,0.0037423126030696405,0.02666949477231909,0.011700244360040527
powertrain,Gasoline,Used,2019,0.8053953663117368,0.806632171957736,0.7971859668610571,0.815506259609049,0.01832029274799185,0.8429866987310368,0.7697055277390694
powertrain,Gasoline,Used,2020,0.8208257479846784,0.8225480923919932,0.8140012724473691,0.8300372663071756,0.016035993859806474,0.8540912570968853,0.7899472816576594
powertrain,Gasoline,Used,2021,0.8362667393715286,0.8373386914600593,0.8297846603098653,0.8456437062861902,0.015859045976324926,0.8694322752506776,0.8059960913453779
powertrain,Gasoline,Used,2018,0.7989581667286667,0.8013222123995849,0.790026714158504,0.8101064034110552,0.020079689252551214,0.840225937289882,0.7599071802796772
powertrain,Diesel,Used,2018,0.029730339853800206,0.028524303871155527,0.025851385325628695,0.03258230278389519,0.006730917458266497,0.04267867897129494,0.01575500913822895
powertrain,Diesel,Used,2019,0.03289147603102171,0.03205068051112091,0.028017791243846225,0.03614221029229596,0.008124419048449735,0.04832883886497056,0.01583116267117162
powertrain,Diesel,Used,2020,0.03195169865822863,0.03099289326511239,0.02750115461810778,0.034921779142298895,0.007420624524191115,0.046052715928585564,0.016370217831821108
powertrain,Diesel,Used,2021,0.030421625989033047,0.029547138462920137,0.026609227975231277,0.032918652037602206,0.006309424062370929,0.0423827881311586,0.017145091881674884
powertrain,Flex Fuel (E85),Used,2025,0.061146203551636316,0.061031235548829194,0.05489426611336072,0.06653127456903765,0.011637008455676931,0.08398678725255304,0.037438753429845324
powertrain,Battery Electric (BEV),New,2021,0.013014614227086756,0.012519561815336464,0.009478400236452965,0.015207503786502794,0.00572910355004983,0.023801159111577538,8.84744911378221e-4
powertrain,Flex Fuel (E85),Used,2023,0.08333396195635513,0.08238351054502559,0.07741488284705818,0.08931054847497666,0.01189566562791848,0.10715404691685437,0.05957138440518046
powertrain,Flex Fuel (E85),Used,2021,0.10365742903042215,0.10224595260322644,0.09604334899755987,0.10909970313006662,0.013056354132506748,0.12868423432882675,0.07645881779879975
powertrain,Flex Fuel (E85),Used,2018,0.14794418704907933,0.1458271689533272,0.13792772872470735,0.1548120057346344,0.016884277009927062,0.180138421249525,0.11260131320981676
powertrain,Flex Fuel (E85),Used,2020,0.12030260783054937,0.11843146955621986,0.11309991165042434,0.12538145539906104,0.0122815437486367,0.14380377102201608,0.09467759602746928
powertrain,Flex Fuel (E85),Used,2019,0.1355684029631334,0.1340906474267951,0.12663075128103712,0.14130342569184043,0.014672674410803305,0.1633124373080454,0.10462173966483217
powertrain,Gasoline,New,2018,0.9129473156789538,0.9139390638425745,0.9062968846527226,0.9228187381844981,0.016521853531775488,0.9476015184821613,0.8815141043550594
powertrain,Gasoline,New,2020,0.9265492193820556,0.928206847895999,0.9197339946315956,0.9359806282264904,0.016246633594894866,0.9603505786188327,0.8953640442392532
powertrain,Gasoline,New,2019,0.9217872774398421,0.923003626974857,0.915416611706968,0.9317997353762,0.016383123669232003,0.956374420880048,0.89084192620312
powertrain,Gasoline,New,2021,0.9167026013730334,0.9181383244692941,0.907866726893273,0.9272750100172149,0.01940828312394194,0.9563874347031278,0.8787543022073601
powertrain,Hybrid Electric (HEV),Used,2025,0.025472372684193195,0.025241266430098747,0.022745710082655846,0.027640340474292212,0.004894630391636366,0.03498228606174676,0.015403764495201297
powertrain,Plug-In Hybrid Electric (PHEV),Used,2023,0.00366456143986252,0.003461333648896515,0.0030149621107083964,0.003949430271812694,9.344681611042978e-4,0.005351132513469141,0.0016132598690519497
powertrain,Plug-In Hybrid Electric (PHEV),New,2025,0.0013874492951936775,0.0012319593166923324,9.50168918918919e-4,0.0015600853723575117,6.099164534385927e-4,0.002474960052515401,3.5294238761029886e-5
powertrain,Plug-In Hybrid Electric (PHEV),New,2024,0.0016780997873776576,0.0014381627658997544,0.0010964073557171868,0.001960653878076347,8.642465223591602e-4,0.0032570236616150873,-1.999624278215535e-4
powertrain,Hybrid Electric (HEV),New,2022,0.030177483746570723,0.029651465233223512,0.024259752637165073,0.035173334561023895,0.010913581923858821,0.05154370744681212,0.007889379751376841
powertrain,Flex Fuel (E85),New,2024,0.018357014225804446,0.016890027236160964,0.01388018822450078,0.020476843119427896,0.0065966548949271155,0.030371825461818568,0.0039852058821101075
powertrain,Flex Fuel (E85),New,2025,0.026150474809093723,0.024376469432729905,0.01861341637627991,0.029244011199834077,0.010630594823554166,0.045189903435165324,0.00266752414094866
powertrain,Flex Fuel (E85),New,2022,0.013974230238255881,0.012420300003685549,0.00977499096331843,0.01596857773701923,0.006193586773700802,0.025258957897570433,4.8461080276722586e-4
powertrain,Flex Fuel (E85),New,2023,0.015523279219589108,0.014466628397014967,0.011368521239553685,0.01745232402394517,0.006083802784391485,0.0265780282005324,0.002242817062966458
powertrain,Plug-In Hybrid Electric (PHEV),Used,2024,0.003894156513491074,0.0037192026029619248,0.0032975469774583718,0.004239614962206861,9.420679847484893e-4,0.005652716939329595,0.0018844450003356378
powertrain,Hybrid Electric (HEV),New,2019,0.025876741023562917,0.024692735649041144,0.020184741703729046,0.03038040912890916,0.010195667425180115,0.045673910266679336,0.004891240565958873
powertrain,Hybrid Electric (HEV),New,2018,0.021721809927107105,0.020396373980724126,0.017160440254053413,0.02499185923634726,0.007831418982293847,0.03673898770978803,0.005413311780612643
powertrain,Battery Electric (BEV),Used,2019,0.004023568511275917,0.002586350073013347,0.0018211167236831826,0.004164653554205562,0.002343536830522379,0.00767995879998913,-0.001694188522100386
powertrain,Hybrid Electric (HEV),Used,2020,0.020277927049749324,0.019729601831063336,0.01785603245572119,0.021348809243489805,0.0034927767877686137,0.026587974425142727,0.01261686727406827
powertrain,Hybrid Electric (HEV),Used,2021,0.02128169413856401,0.02081649785985517,0.018971084221018484,0.022617775464731482,0.003646691243712998,0.028087812330300978,0.013501047355448987
powertrain,Battery Electric (BEV),New,2019,0.005231282594899512,0.004265510897474291,0.0029993262761950747,0.0064037748567576675,0.003404448580562593,0.011510447727601557,-0.002107346594648815
powertrain,Battery Electric (BEV),New,2018,0.0038418048745734873,0.0027778113993149277,0.0019284078582620225,0.004699984333385555,0.002771576475123533,0.008857349046070856,-0.0022289568544232776
powertrain,Battery Electric (BEV),New,2020,0.005332581942669347,0.004575177503938537,0.003260411039224715,0.006416749334307941,0.003156338295083226,0.01115125677693278,-0.0014740964034001235
powertrain,Plug-In Hybrid Electric (PHEV),New,2018,0.0060426076888124595,0.005318138651471985,0.004032179265869785,0.00719195068376674,0.0031597714178969553,0.011931607810612173,-7.074778609756482e-4
powertrain,Plug-In Hybrid Electric (PHEV),New,2019,0.004504148419246206,0.0037295460831559737,0.002877831414779057,0.005410826356465271,0.002532994941686214,0.009210318768994592,-9.216609977502643e-4
powertrain,Flex Fuel (E85),New,2018,0.05641604907051725,0.05395657635026018,0.046412936827380964,0.061839139592980624,0.01542620276559966,0.08497844374138011,0.023273632678981474
powertrain,Flex Fuel (E85),New,2019,0.04359195823261403,0.04058970276651219,0.03442485306465155,0.04853817571438918,0.01411332264973763,0.06970815968899563,0.01325486909004511
powertrain,Plug-In Hybrid Electric (PHEV),Used,2020,0.003203538298877927,0.002971820865864565,0.0024684287744180136,0.003379918734500238,9.114899600822244e-4,0.0047471536746235745,0.001101193834294677
powertrain,Plug-In Hybrid Electric (PHEV),Used,2021,0.003692125564876865,0.0034549380020102768,0.0028378585672649177,0.003930204331485759,0.001092345764220841,0.00556872297781702,0.0011993399209336564
powertrain,Plug-In Hybrid Electric (PHEV),Used,2018,0.0022388102472637246,0.0020157302312438187,0.001621519451382556,0.0024936944281603174,8.721749767777614e-4,0.0038019568933269597,3.132569862159139e-4
powertrain,Plug-In Hybrid Electric (PHEV),Used,2019,0.003191875297751328,0.0028746936181801674,0.0023023951670735855,0.003525926657374694,0.0012235314903011087,0.005361223892826357,4.670979316219225e-4
powertrain,Battery Electric (BEV),Used,2018,0.0024111508245539676,0.0017361918491993365,0.001233196428202814,0.0022173543743573697,9.841579461545558e-4,0.0036935912935892033,-2.4304049102901967e-4
powertrain,Flex Fuel (E85),New,2020,0.027897473609380566,0.025940396572906213,0.02163167994417631,0.030767359844339048,0.009135679900162737,0.04447087969458315,0.007928160093932206
powertrain,Hybrid Electric (HEV),New,2021,0.05404543371409086,0.052040148374427234,0.04471107120087696,0.0612392883221457,0.016528217121268743,0.08603161400404882,0.019918745518973845
powertrain,Battery Electric (BEV),Used,2020,0.004231261870141381,0.003138575173007147,0.002210388520033138,0.004842043105993505,0.002631654585960367,0.008789524984934054,-0.001737093358907412
powertrain,Hybrid Electric (HEV),New,2020,0.038749354678064604,0.03669475516646333,0.03056002896865858,0.04457037215657905,0.014010343187920472,0.06558588693845976,0.009544514186777871
powertrain,Flex Fuel (E85),New,2021,0.014575417319428784,0.012800163842097178,0.010167992926613616,0.01627212886871908,0.006104135942105463,0.025428332781877276,0.0010117890134554216
powertrain,Plug-In Hybrid Electric (PHEV),New,2020,0.002395119663151234,0.0019730247211511434,0.0014185319121796727,0.0028175313077819235,0.0013989993956022508,0.0049160304011853,-6.799671812237036e-4
powertrain,Hybrid Electric (HEV),New,2023,0.0396124841654415,0.039313562363381294,0.032744035400492935,0.04497526312773395,0.012231227727241015,0.06332210471859548,0.014397193809631413
powertrain,Hybrid Electric (HEV),New,2025,0.044627464516114684,0.04394497790820571,0.03481851653186667,0.053304738900658184,0.018486222368791515,0.08103407245384546,0.007089182978679397
powertrain,Hybrid Electric (HEV),New,2024,0.04194455421988461,0.041113833815994656,0.033575041480792524,0.04897942454299533,0.015404383062202806,0.07208599913629954,0.010468466887488315
powertrain,Plug-In Hybrid Electric (PHEV),Used,2022,0.00287891913943183,0.0027235189035640026,0.002339585445852476,0.003110281702657069,7.706962568045932e-4,0.004266326087863959,0.0011835410606455862
powertrain,Plug-In Hybrid Electric (PHEV),Used,2025,0.004878500702342504,0.004646049820587808,0.004070253693894619,0.0055028416713418056,0.0014325879774471865,0.007651723637512585,0.0019213717277238394
powertrain,Plug-In Hybrid Electric (PHEV),New,2022,0.0017492752538264122,0.001461398525900713,0.0010939504153996478,0.002042904329004784,9.48953913605136e-4,0.003466335199412488,-3.2948045500805624e-4
powertrain,Plug-In Hybrid Electric (PHEV),New,2023,0.001525289786705236,0.0013645611075274152,9.90666589981521e-4,0.001771479185119575,7.808125951380539e-4,0.002942698077826656,-1.8055230272555995e-4
powertrain,Plug-In Hybrid Electric (PHEV),New,2021,0.002631411066732077,0.0021415542454445284,0.0012644429910616962,0.0030738277538702287,0.0018093847628085325,0.005787904898083028,-0.0014496341531511027
powertrain,Fuel Cell,Used,2023,1.0898990440891296e-4,3.065459829243789e-5,1.8968742205042514e-5,7.276431637924761e-5,5.37955741742051e-5,1.5345767764055526e-4,-6.172461905626513e-5
powertrain,Fuel Cell,Used,2022,8.78764876162425e-5,2.1118878165191864e-5,1.077156737076812e-5,4.664505445810108e-5,3.587348708733296e-5,1.0045528508910052e-4,-4.3038663260231314e-5
powertrain,Fuel Cell,Used,2020,2.298429194473877e-4,1.734224339260527e-5,1.1981572341738406e-5,9.10685698400069e-5,7.90869974982685e-5,2.0969906608740965e-4,-1.0664892390566434e-4
powertrain,Fuel Cell,Used,2018,3.2889682249630735e-5,1.4211812858848275e-5,8.142858308282301e-6,3.4647633732999585e-5,2.6504775424717284e-5,7.440479687007551e-5,-3.161430482879363e-5
powertrain,Fuel Cell,Used,2021,2.5468628970568946e-4,2.1957030115927635e-5,1.0929245431295065e-5,7.891803378022874e-5,6.798878834893367e-5,1.8090121630362927e-4,-9.105393709210545e-5
powertrain,Fuel Cell,Used,2025,5.14438322253829e-5,2.818687900782186e-5,1.8781035664610363e-5,4.1821255952060895e-5,2.3040220287450532e-5,7.638158638323668e-5,-1.5779294766565434e-5
powertrain,Fuel Cell,Used,2024,7.260586810907687e-5,3.105879429760537e-5,1.9657062936349585e-5,6.571457204366018e-5,4.605750910731059e-5,1.3480083570462608e-4,-4.94292007246163e-5
powertrain,Fuel Cell,New,2019,5.116096891699277e-4,2.3274901081670404e-4,6.264813673999979e-5,6.022845275181724e-4,5.396363907781726e-4,0.0014117391136854313,-7.468064494272592e-4
powertrain,Fuel Cell,New,2018,9.064926042622628e-4,2.9401714835151736e-4,9.4478889873044e-5,0.001183431952662722,0.001088953062789678,0.002816861546847239,-0.0015389507043114727
powertrain,Fuel Cell,New,2020,4.4765225071941386e-4,1.5398236901874735e-4,2.415721515623679e-5,6.839060276150164e-4,6.597488124587795e-4,0.0016735292463031857,-9.654660035319326e-4
powertrain,Fuel Cell,Used,2019,7.058567427785484e-5,1.9952513019014746e-5,9.554140155393185e-6,3.729719649982835e-5,2.7743056344435165e-5,7.891178101648109e-5,-3.206044436125957e-5
powertrain,Fuel Cell,New,2021,6.319700401511376e-4,2.0540207456095307e-4,1.2441157991298062e-5,7.574172093543004e-4,7.449760513630023e-4,0.0018748812863988039,-0.0011050229190532055
vehicle_type,Minivan,New,2025,0.02569104067254873,0.025363024587022224,0.021176594382722003,0.03005358439542279,0.008876990012700786,0.043369069414473965,0.007861109363670824
vehicle_type,Minivan,New,2024,0.021021556214093268,0.020727125551050933,0.01753622990581787,0.023901886474404953,0.0063656565685870845,0.03345037132728558,0.007987745052937242
vehicle_type,CUV,Used,2021,0.2983204333446926,0.29828539782917196,0.28969927693554526,0.30822950228617685,0.01853022535063159,0.3360248403121242,0.26190393890959784
vehicle_type,CUV,Used,2024,0.3715586621785374,0.37043710545216285,0.36106472243570986,0.38078082992678863,0.01971610749107877,0.4103549911634068,0.3314905611990917
vehicle_type,CUV,Used,2023,0.3528453856446288,0.3523124295960224,0.34253026294921357,0.36277528463128067,0.0202450216820671,0.3931428171543813,0.3121627304261129
vehicle_type,CUV,Used,2022,0.3330971217644086,0.33283498737453454,0.32471057679465687,0.34207067753678205,0.017360100742125184,0.3681108286499698,0.29867042568146907
vehicle_type,CUV,Used,2025,0.3801456446057054,0.3808298121316972,0.3677944115991574,0.3906585427606427,0.022864131161485335,0.4249547395028707,0.3334982148569294
vehicle_type,Pickup,Used,2023,0.18633126729375218,0.18533628902933685,0.17317108602582398,0.19653719257608346,0.023366106550259474,0.23158635240147268,0.13812192620043479
vehicle_type,Pickup,Used,2022,0.19338248721134135,0.19187675070028012,0.17920731176422192,0.20457992444360704,0.02537261267938512,0.24263884346268472,0.14114839274514424
vehicle_type,Pickup,Used,2025,0.20150179309757363,0.20089805560907772,0.1880402187334627,0.21341941322387506,0.02537919449041237,0.25148820495949364,0.14997142699784413
vehicle_type,Pickup,Used,2024,0.19542097557454227,0.19525569932224277,0.18289468178584878,0.20575110110869965,0.022856419322850874,0.24003573009297596,0.14861005280157247
vehicle_type,Minivan,Used,2022,0.027426228255515602,0.026755341512823452,0.02530150912312315,0.02813114375154233,0.002829634628419179,0.032375595694171096,0.02105705718049438
vehicle_type,Minivan,Used,2024,0.02572967833943959,0.02519633507853403,0.023876511291916966,0.02729189738610677,0.0034153860941898047,0.032414976527391476,0.018753432150632257
vehicle_type,Car,New,2022,0.2011217973026769,0.20451415115297464,0.18474701827129647,0.2178658184648566,0.033118800193560116,0.26754401875519673,0.1350688179809563
vehicle_type,Car,New,2024,0.19730787694487045,0.19959248301862745,0.18109465388789203,0.2126004206921102,0.031505766804218155,0.2598590708984374,0.13383600368156479
vehicle_type,Car,New,2023,0.20516573640201957,0.20778605708512252,0.18972342729005695,0.22183958295527656,0.03211615566521961,0.27001381645310596,0.14154919379222752
vehicle_type,Car,New,2025,0.17293658067987394,0.17365232056967955,0.15081516539492523,0.19275671614055645,0.04194155074563122,0.2556690422590033,0.0879028392764784
vehicle_type,Car,Used,2022,0.32142662027786767,0.32158175541374623,0.30974412441895827,0.3339342326101821,0.024190108191223858,0.37021939489701794,0.2734589621321225
vehicle_type,Car,Used,2024,0.2804021609944105,0.27896601706595103,0.2696725086514393,0.29100028957677093,0.021327780925331608,0.32299196096476834,0.2376808372634419
vehicle_type,Car,Used,2023,0.30959035194585377,0.30937182774389227,0.29951930836486007,0.32029932364068936,0.02078001527582929,0.3514693465544333,0.26834928545111614
vehicle_type,CUV,New,2023,0.4883459851060757,0.48949314148094764,0.46630600371560965,0.5104754964474403,0.04416949273183063,0.5767297355451863,0.40005176461786374
vehicle_type,CUV,New,2022,0.47916764013937085,0.4800783832962493,0.454635546911179,0.5029259523155266,0.04829040540434759,0.575361560422048,0.38219993880465764
vehicle_type,CUV,New,2025,0.4738909433287559,0.47571116874562597,0.44732266420638017,0.5002505811671648,0.05292791696078464,0.5796424566083418,0.36793078876520324
vehicle_type,CUV,New,2024,0.4915742850424661,0.4930217316586172,0.4683899400601069,0.5137063822440484,0.045316442183941485,0.5816810455199606,0.4004152767841947
vehicle_type,Car,Used,2018,0.41190656850949214,0.41278173561638126,0.3957720085424561,0.4281023075075202,0.03233029896506412,0.4765977559551164,0.3472765600948599
vehicle_type,Car,Used,2019,0.39792757637928056,0.39918838103374626,0.38325663100867635,0.41100465599211433,0.02774802498343798,0.4526266934672713,0.3416345935335194
vehicle_type,Pickup,Used,2019,0.17084743876708408,0.16913103649209701,0.1568966786950438,0.18171846435100547,0.02482178565596166,0.21895114283494796,0.11966400021110132
vehicle_type,Pickup,Used,2020,0.1813581788552576,0.17968192330754076,0.16851296754854686,0.19320434886811774,0.024691381319570882,0.23024142084747407,0.13147589556919054
vehicle_type,Pickup,Used,2021,0.1901573093553318,0.18946356627250405,0.17760767196061994,0.2023552814472297,0.024747609486609756,0.23947669567714433,0.1404862577307053
vehicle_type,Pickup,Used,2018,0.16652079082635485,0.16368811808551223,0.15252763332393868,0.17700700417267143,0.02447937084873275,0.21372606044577055,0.11580857705083955
vehicle_type,Car,Used,2020,0.37741998924756737,0.37730992926452167,0.3620259376077967,0.38898719898382667,0.026961261376029944,0.4294290910478716,0.3215840455437518
vehicle_type,Car,Used,2021,0.35626975526399157,0.3547822032426379,0.3422026272749226,0.36773562890947264,0.025533001634550023,0.40603513136129765,0.30390312482309756
vehicle_type,SUV,Used,2019,0.1171953251005771,0.11624320155856807,0.11209107626790554,0.1225598493354098,0.010468773067504253,0.13826300893666618,0.09638791666664917
vehicle_type,SUV,Used,2018,0.11578008962565384,0.11534534687835009,0.1096624581293481,0.12127566728890397,0.011613209159555868,0.13869548102823778,0.09224264439001431
vehicle_type,SUV,Used,2020,0.12335683661222473,0.12355685942261732,0.11708256122486937,0.12893534385458977,0.011852782629720393,0.14671451779917036,0.09930338728028879
vehicle_type,SUV,Used,2021,0.1267971498761658,0.12726891197146153,0.12075092950882797,0.13274031958550173,0.011989390076673753,0.15072440470051235,0.10276684439381734
vehicle_type,SUV,Used,2023,0.12467692321403495,0.12411325038754777,0.11900934363911753,0.12967547405328508,0.010666130414167557,0.1456746696745364,0.10301014801786619
vehicle_type,SUV,Used,2025,0.13325469109445168,0.13304894881078594,0.12710475020693707,0.13858680179923702,0.011482051592299952,0.15580987918768696,0.10988167281848714
vehicle_type,SUV,Used,2022,0.12596724525999525,0.12630614229781292,0.12007652119898427,0.13058419243986255,0.010507671240878286,0.14634569930117997,0.10431501433766684
vehicle_type,SUV,Used,2024,0.1281478145981128,0.12760927112170872,0.12244104852690924,0.1336748252432973,0.01123377671638806,0.15052549031787937,0.10559038345232714
vehicle_type,CUV,New,2021,0.4618946689474679,0.46456021366986533,0.4423815629481273,0.4810510334978869,0.03866947054975961,0.5390552393225263,0.38437735712348786
vehicle_type,Minivan,Used,2021,0.029821073759504303,0.028970342123709195,0.027359395395746618,0.030789750906312453,0.0034303555105658357,0.03593528417216121,0.022213862129897864
vehicle_type,Minivan,Used,2018,0.04052963294884239,0.04019215372297838,0.03768935804161139,0.0424958850815502,0.004806527039938814,0.04970567564145842,0.030479567481703166
vehicle_type,Minivan,Used,2020,0.03488764844168296,0.034482758620689655,0.03238254758034057,0.036151041524599255,0.003768493944258683,0.04180378244098728,0.026729806663952548
vehicle_type,Minivan,Used,2019,0.036961296181949946,0.03617763946422188,0.03435005607709842,0.038339536573606586,0.0039894804965081646,0.04432375731836884,0.028365835332336175
vehicle_type,Car,New,2018,0.3072605650649677,0.30806504599211565,0.29092718527118927,0.3252404307681567,0.034313245496967404,0.37671029901360775,0.23945731702573816
vehicle_type,Car,New,2020,0.24047652868398708,0.2427137824276716,0.22370464492446704,0.25841779466047343,0.03471314973600639,0.31048751926448304,0.17163492032045746
vehicle_type,Car,New,2019,0.27583632929379687,0.276949813913072,0.2594306884301826,0.2936270319331522,0.03419634350296963,0.34492154718760665,0.20813617317572813
vehicle_type,Car,New,2021,0.22186891815927898,0.2249940851297112,0.20674195008001023,0.23918500403104773,0.0324430539510375,0.287849584957604,0.158077369153454
vehicle_type,CUV,New,2019,0.38434213692407376,0.384899414311179,0.364541697516365,0.4029590331447207,0.0384173356283557,0.46058503658725425,0.30691569407383146
vehicle_type,CUV,New,2018,0.36750644079879097,0.36654663559980233,0.35091432836517156,0.38337504239657527,0.032460714031403715,0.43206611344368084,0.302223257318066
vehicle_type,CUV,New,2020,0.4015392337189613,0.40235042735042736,0.3804071117814799,0.4220742084037682,0.04166709662228829,0.48457485333720063,0.31790646684804746
vehicle_type,CUV,Used,2019,0.2780506535935343,0.27755474936787555,0.2684563758389262,0.2870238095238095,0.01856743368488334,0.3148749600511345,0.24060522531160117
vehicle_type,CUV,Used,2018,0.26620763280160176,0.26511635353581076,0.2569487657228373,0.2748372478262831,0.01788848210344579,0.30166997098145176,0.23011604256766863
vehicle_type,CUV,Used,2020,0.2840923129887205,0.28375835505811786,0.2747759547662311,0.29334875858550896,0.01857280381927784,0.3212079643144257,0.24691674903731436
vehicle_type,Car,Used,2025,0.261898111825419,0.26087168651221126,0.24877638980203082,0.27167754610558337,0.02290115630355255,0.30602928056091216,0.214424655346702
vehicle_type,SUV,New,2023,0.10454540915087202,0.10027518420715438,0.09114085636376763,0.11349665640326463,0.022355800039496998,0.14703035646251011,0.057607156304522136
vehicle_type,SUV,New,2024,0.10270847413637851,0.09925535840069769,0.0884864752805238,0.11101151217634805,0.02252503689582426,0.14479906752008445,0.0546989199367874
vehicle_type,SUV,New,2025,0.11645453804321687,0.11240293600861531,0.1005038094276321,0.12705764982541154,0.026553840397779443,0.1668884104220807,0.06067304883096293
vehicle_type,SUV,New,2022,0.1190895260102916,0.11566265060240964,0.10560598492039923,0.1286672713733381,0.02306128645293888,0.16325920105274644,0.07101405524099091
vehicle_type,Pickup,New,2025,0.2136617857784726,0.20971726598956902,0.18789327963755348,0.23575345731998093,0.04786017768242745,0.3075437238436221,0.1161030131139123
vehicle_type,Pickup,New,2024,0.18958541718591151,0.18380500276355582,0.1645910421855728,0.20823059505357588,0.043639552868003084,0.2736899243555805,0.09913171288356817
vehicle_type,Pickup,New,2023,0.1849646638124208,0.17834642142665194,0.16352236623836702,0.20226273069423661,0.03874036445586959,0.260373277378041,0.10541181955456264
vehicle_type,Pickup,New,2022,0.18854323869408482,0.1815985045365431,0.16713060479094882,0.20715983033263602,0.0400292255416872,0.2672036686451668,0.10708676647841803
vehicle_type,Minivan,Used,2023,0.027764119883946687,0.0269670606487776,0.025639002840012623,0.028712255347657558,0.003073252507644935,0.03332213410912496,0.021029124078545222
vehicle_type,Minivan,Used,2025,0.024468479039900924,0.02405600472384274,0.022510844409596196,0.02598252509860988,0.003471680689013684,0.031190046132130406,0.01730332337607567
vehicle_type,Pickup,New,2018,0.1877060344815774,0.18445913359244234,0.16835839654421272,0.20021140861053155,0.031853012066318825,0.24799092671000977,0.12057887844473449
vehicle_type,Pickup,New,2019,0.20420861963824904,0.20131971119363734,0.18263215669677693,0.21868210814226238,0.03604995144548545,0.27275703531049056,0.12855722952854876
vehicle_type,SUV,New,2021,0.12182810041986637,0.11888422611700815,0.10596275414317444,0.13317838466008136,0.027215630516906925,0.17400183043544176,0.06513930836781405
vehicle_type,SUV,New,2018,0.11334918140595641,0.11141849789677621,0.09870495304607248,0.12395470356162136,0.025249750515548883,0.16182932933494468,0.06083032727274915
vehicle_type,SUV,New,2019,0.11556532954872033,0.11235720256338813,0.09988028601934837,0.12749797342543967,0.0276176874060913,0.16892450453457664,0.05845375491021142
vehicle_type,SUV,New,2020,0.12418783326743495,0.12207725924271906,0.10914324595242565,0.13585986360563387,0.02671661765320822,0.1759347900854462,0.06906831947261333
vehicle_type,Pickup,New,2020,0.2168231179663328,0.2132802317161477,0.1942614853215784,0.23121897998837088,0.03695749466679249,0.28665522198855964,0.13882524332138965
vehicle_type,Pickup,New,2021,0.17783790589924417,0.17242021144587283,0.15728162497926382,0.18943155624615587,0.03214993126689206,0.23765645314649397,0.10905672807892573
vehicle_type,Minivan,New,2020,0.018995368055527338,0.018436267090146646,0.015663605204743452,0.021691892496870372,0.00602828729212692,0.030734323435060752,0.006621174266553072
vehicle_type,Minivan,New,2021,0.018446239894198652,0.0184348959545645,0.015677034956163204,0.020896369137670196,0.0052193341815069925,0.028725370409930687,0.007848033683902715
vehicle_type,Minivan,New,2018,0.026455786460963058,0.026177391715416887,0.02244704097136161,0.03045219958015932,0.008005158608797708,0.04245993749335588,0.010439303058165048
vehicle_type,Minivan,New,2019,0.022230391486896633,0.022014272249899016,0.01850008484170775,0.025531837764807858,0.007031752923100109,0.03607946714945802,0.007952455457057585
vehicle_type,Minivan,New,2023,0.019055748575234427,0.018665422305179653,0.016063187788427406,0.021465792324131268,0.0054026045357038616,0.02956969912768706,0.007959280984871614
vehicle_type,Minivan,New,2022,0.014134452052075652,0.01389486868370582,0.011874375762956387,0.016051794481709427,0.00417741871875304,0.022317922559838988,0.0056082476848268266
price_bin,$60k-$70k,New,2025,0.06876332682160913,0.06749232917750035,0.06082299415282744,0.07365955231650183,0.012836558163674384,0.09291438956201341,0.04156815690731587
price_bin,$60k-$70k,New,2024,0.07607841306063039,0.07454330073281576,0.06810253421719317,0.08063962312375227,0.012537088906559093,0.0994452564835909,0.04929690085735453
price_bin,$50k-$60k,New,2025,0.15616828304841265,0.1559254245631307,0.14314448541736507,0.16574252997471287,0.02259804455734779,0.19963959681073457,0.10924741858134339
price_bin,$70k+,Used,2021,0.02799117610405896,0.027429732475448696,0.024564549166530426,0.03027220331161244,0.005707654145082015,0.03883368452923547,0.016003067948907403
price_bin,$70k+,Used,2024,0.01590266060512659,0.015282730514518594,0.013295105089135008,0.016964167907564134,0.0036690628184291255,0.022467762135207823,0.00779151086149132
price_bin,$30k-$40k,Used,2023,0.18630459435708738,0.1868518384219305,0.1781608151552028,0.19443655303030302,0.016275737875100227,0.21885015984295336,0.15374720834255245
price_bin,$50k-$60k,Used,2022,0.0537038731696375,0.05331053500283761,0.04927485988328422,0.05772745874761192,0.008452598864327698,0.07040635704410347,0.03659596158679267
price_bin,$20k-$30k,Used,2025,0.3042767344863423,0.3009170835047797,0.29143001031858057,0.31466793458877795,0.023237924270197385,0.349524820994074,0.25657312391328446
price_bin,$50k-$60k,Used,2023,0.03873302145620274,0.038427374421014446,0.0351938004730323,0.04149402007638231,0.006300219603350012,0.05094434948140733,0.02574347106800728
price_bin,$60k-$70k,Used,2023,0.01962917791195732,0.01914039475570707,0.017534996316177245,0.02102664171080403,0.003491645394626784,0.026264109802744205,0.012297528224237068
price_bin,$60k-$70k,Used,2022,0.026014971080417552,0.025560633436071845,0.023205741626794257,0.027988392304007265,0.004782650677213007,0.035162368319826776,0.016031765610974746
price_bin,$50k-$60k,Used,2025,0.03108092493330533,0.03070749554730585,0.02742546778477424,0.033840997295072325,0.006415529510298085,0.04346429156051945,0.017802173519327114
price_bin,$40k-$50k,Used,2024,0.07142269413375825,0.07101998112199061,0.0668184720666016,0.07502202233662525,0.008203550270023646,0.08732734774166072,0.054513146661566134
price_bin,$30k-$40k,Used,2024,0.16489887451231916,0.16316587994498516,0.1565008996753596,0.17158247326075363,0.015081573585394026,0.19420483363884466,0.13387853929726856
price_bin,$10k-$20k,Used,2022,0.21950118969354504,0.21349065147437585,0.20142028936635112,0.23284602527947668,0.03142573591312556,0.279984629149165,0.15428168549666277
price_bin,$20k-$30k,Used,2022,0.30537975019278457,0.30182717445662277,0.29165463732249497,0.3144308237738761,0.02277618645138113,0.3485951034509478,0.2574903576454233
price_bin,$10k-$20k,Used,2024,0.3090625283746941,0.30929869694256185,0.2934918452827724,0.3216310510417549,0.02813920575898249,0.3638398596802286,0.25128303664429863
price_bin,$30k-$40k,New,2022,0.29978502490529224,0.2999430522797277,0.2867851488609261,0.31495267666753957,0.028167527806613468,0.35720396837745977,0.2445338571510059
price_bin,$20k-$30k,New,2022,0.11106321965292053,0.11108119931352424,0.10159474742574619,0.11967166272696574,0.018076915301219548,0.14678703567879506,0.07447937447391687
price_bin,$20k-$30k,New,2024,0.15982028514451777,0.1592455329368557,0.14792887941475705,0.16956000024119489,0.02163112082643784,0.20200668148085166,0.11548219817510029
price_bin,$10k-$20k,New,2024,0.0022007936727872503,0.0017429422653376997,0.0011023731091937506,0.002480813026158516,0.0013784399169647654,0.004548472901605665,-9.652867662533976e-4
price_bin,$30k-$40k,New,2023,0.29297949002127094,0.2943240612673531,0.27979547475325106,0.30822838585127893,0.02843291109802787,0.35087775249832076,0.23714610810620926
price_bin,$20k-$30k,New,2023,0.13239825887992804,0.13160642808256862,0.12303329318985276,0.14128953680070994,0.018256243610857176,0.16867390221699569,0.095648927773567
price_bin,$20k-$30k,New,2025,0.150923582032917,0.14844623497244508,0.13898246467930847,0.16045447946236124,0.021472014783052773,0.1926625016369404,0.10677444250472931
price_bin,$30k-$40k,New,2025,0.307114794222979,0.30695989987523936,0.29064165589921664,0.32691334235202774,0.03627168645281109,0.3813208720312444,0.23623412622
price_bin,$0-$10k,Used,2022,0.04255734651415164,0.04005181157751544,0.03480089108148839,0.04667163784926034,0.011870746767771945,0.06447775800091826,0.016994770929830476
price_bin,$20k-$30k,Used,2023,0.3080318594272269,0.30677581455665426,0.2954188503314762,0.31697624988448386,0.021557399553007672,0.34931234921399534,0.26308275100196465
price_bin,$20k-$30k,Used,2024,0.3139316740624945,0.3105981870466778,0.301453107535975,0.32286848284170494,0.021415375305729956,0.3549915458002999,0.2693300445773801
price_bin,$50k-$60k,New,2023,0.16536621763800644,0.16505466321806603,0.1557972197729227,0.17305229065989586,0.017255070886973145,0.19893489699035558,0.129914613442463
price_bin,$50k-$60k,New,2022,0.1749547250320709,0.17240566963759865,0.16415503610468932,0.1849949921062013,0.020839956001511978,0.21625492610846925,0.13289510210242134
price_bin,$40k-$50k,New,2022,0.22662328616196897,0.22786900250295203,0.21844604144170943,0.23455099706020024,0.016104955618490818,0.25870843048793646,0.19428860801397319
price_bin,$40k-$50k,New,2025,0.22905630913212185,0.22969782633609656,0.22048502270676923,0.23740152510784904,0.016916502401079808,0.26277627870946874,0.1951102691051495
price_bin,$50k-$60k,New,2024,0.16220869155014106,0.16068084797041976,0.15250843499768107,0.17053809769119094,0.018029662693509863,0.19758259173145573,0.12546394095741628
price_bin,$40k-$50k,New,2024,0.21710973092857327,0.2171569391765769,0.20977944352689296,0.22494557343797808,0.015166129911085124,0.24769476830460577,0.18703024866026527
price_bin,$40k-$50k,New,2023,0.22127677927333184,0.22307308825248195,0.2124508650381363,0.2300697414557084,0.01761887641757212,0.2564980560820666,0.18602255041177812
price_bin,$10k-$20k,Used,2023,0.2770575495827242,0.2744018288511354,0.26072503099316846,0.29234544422397113,0.03162041323080267,0.33977606407017513,0.21329441114696446
price_bin,$30k-$40k,Used,2025,0.15267733416515644,0.15311164491299722,0.1450637683288047,0.16094761421471557,0.01588384588591088,0.18477338304358187,0.12123799949993837
price_bin,$40k-$50k,Used,2025,0.06850679441322512,0.06867281455518726,0.06259483734408083,0.07307004615018672,0.01047520880610589,0.08878285935934556,0.046882024134922
price_bin,$10k-$20k,Used,2025,0.3118492905112496,0.30941440650304186,0.29741103143949,0.32525327182247676,0.02784224038298677,0.3670166323969569,0.25564767086500984
price_bin,$30k-$40k,Used,2022,0.20699322822717622,0.20905836575875486,0.19939358875333885,0.2161149843756574,0.016721395622318558,0.24119707780913524,0.174311495319861
price_bin,$0-$10k,Used,2023,0.061082005892332876,0.059185851726449176,0.051639850500388114,0.06681945584301727,0.015179605342629153,0.08958886385696099,0.028870442486444384
price_bin,$0-$10k,Used,2024,0.080680462698577,0.08062994235065654,0.0697505219426812,0.08861619982220982,0.018865677879528614,0.11691471664150274,0.041452005123388286
price_bin,$40k-$50k,Used,2022,0.11743696451289207,0.11765189509167147,0.11152878097750915,0.12362830471888053,0.012099523741371382,0.14177759033093762,0.09337949536545208
price_bin,$40k-$50k,Used,2023,0.08948223566178423,0.08956973367705837,0.08348479796330459,0.09458631737655485,0.011101519413250258,0.11123859649643023,0.0668325188434292
price_bin,$60k-$70k,Used,2024,0.016486573013676425,0.01604685852770608,0.01458487202792746,0.017769674121042755,0.0031848020931152955,0.0225468772607157,0.009807668888254517
price_bin,$50k-$60k,Used,2024,0.030525248348454437,0.02997260842481782,0.02791975934053406,0.032617091895999956,0.004697332555465894,0.0396630907291988,0.02087376050733522
price_bin,$10k-$20k,Used,2018,0.3350587751668942,0.3358431824733353,0.32019410524641023,0.3478115498127835,0.027617444566373273,0.3892377166623434,0.2787679383968503
price_bin,$10k-$20k,Used,2019,0.33644285036157723,0.33552293142337064,0.3228769103052478,0.3482770164294663,0.025400106124218502,0.38637717561579404,0.28477675111892004
price_bin,$20k-$30k,Used,2019,0.2968289644241486,0.2958262279500154,0.2882080937343818,0.3034636327261973,0.015255538991815532,0.3263469412139206,0.2653247852466585
price_bin,$30k-$40k,Used,2019,0.16532079183857626,0.16487801352740794,0.1586165928488438,0.17156404009068074,0.01294744724183694,0.19098521095343615,0.1391954219860884
price_bin,$20k-$30k,Used,2020,0.28255625388335043,0.28160812736170476,0.27476717089472497,0.2890406073266419,0.01427343643191692,0.31045076197451726,0.2533570162468496
price_bin,$30k-$40k,Used,2021,0.18656489375325405,0.18686668896484923,0.1812360829156464,0.19328382047596232,0.012047737560315908,0.21135542681643618,0.16316447657517255
price_bin,$50k-$60k,Used,2021,0.05519589790126714,0.05444244870252505,0.05163392339220745,0.05823034185927918,0.006596418467071728,0.06812496955988677,0.041739295691599856
price_bin,$30k-$40k,Used,2018,0.16704911632934258,0.16649385276255368,0.16013268136455922,0.17394841754129037,0.013815736176731153,0.1946720218063871,0.1394090770994625
price_bin,$40k-$50k,Used,2020,0.08479278353006046,0.08403010033444816,0.07971492675201267,0.0896700143472023,0.009955087595189635,0.10460264573998676,0.06478229535922822
price_bin,$30k-$40k,Used,2020,0.16382521372437814,0.16387723622943967,0.15739399645146104,0.1706343485707588,0.013240352119297749,0.19049487674970542,0.13753346827251442
price_bin,$60k-$70k,Used,2020,0.014495075808043064,0.014028593025475489,0.012576144625663196,0.015651428152860115,0.0030752835271969196,0.020264353443655493,0.007963219334867816
price_bin,$0-$10k,Used,2020,0.08430998860658764,0.08227331077138522,0.07322435015672642,0.09110826707700433,0.01788391692027791,0.11793414245742119,0.04639847477630955
price_bin,$0-$10k,Used,2018,0.07075783621975398,0.06881429344883595,0.06100330406373658,0.07696328237292566,0.015959978309189077,0.10090324983670927,0.037063336599952965
price_bin,$40k-$50k,Used,2018,0.07559719540283277,0.07458164364893022,0.06966153422611773,0.08024821786624302,0.010586683640125286,0.09612824332643094,0.053781508765929804
price_bin,$10k-$20k,Used,2020,0.3253825293413104,0.32480438092591835,0.31221303050243343,0.33381347212975854,0.021600441627325107,0.3662141345707462,0.27981236806144577
price_bin,$60k-$70k,Used,2019,0.013565443172847145,0.012975440539654354,0.011688758533530231,0.014773462151623553,0.0030847036180933225,0.019400517578763536,0.007061703106390247
price_bin,$60k-$70k,Used,2021,0.026097543131346133,0.025620790586781243,0.023750662193183825,0.02771286111527819,0.003962198922094366,0.03365615949841974,0.017807363810042276
price_bin,$50k-$60k,Used,2020,0.03459804144858593,0.0341406597223996,0.031823860087445345,0.03697663700499876,0.005152776917553413,0.044705802381328874,0.024094694711115226
price_bin,$40k-$50k,Used,2021,0.11818527500370192,0.11778322445433738,0.11335375735344874,0.12356190555301741,0.010208148199568667,0.1388741278523704,0.09804153505409574
price_bin,$40k-$50k,Used,2019,0.07485198394058985,0.07448031307557343,0.07005233927146258,0.07895939267427285,0.00890705340281027,0.09231997277848825,0.056691759167247176
price_bin,$20k-$30k,Used,2018,0.29718733485928256,0.2957786855873289,0.2883234797297297,0.30604203628922533,0.017718556559495613,0.33261987112846875,0.2617456448904863
price_bin,$20k-$30k,Used,2021,0.28694404956423275,0.28451360821199373,0.2764217252396166,0.2929051855066175,0.01648346026700087,0.3176303759071188,0.2516965348391153
price_bin,$10k-$20k,Used,2021,0.24955584021875066,0.24713637481437978,0.2347704047036706,0.25830668480991653,0.02353628010624592,0.29361110496928544,0.19946598454430173
price_bin,$50k-$60k,Used,2018,0.031098753059578193,0.03059070412331214,0.027890454910049274,0.03335549996305562,0.005465045053006344,0.04155306754256513,0.019692887330539758
price_bin,$50k-$60k,Used,2019,0.03095328150489677,0.03016438961284826,0.027830580722673446,0.033359665580461474,0.005529084857788028,0.04165329286714352,0.019536953435991405
price_bin,$70k+,Used,2018,0.011029599984659173,0.01039072423357918,0.008899903364690683,0.012269938650306749,0.003370035285616066,0.017324991578730846,0.003844850436266584
price_bin,$70k+,Used,2019,0.01137419899076459,0.010478189017895373,0.008991921320688444,0.012523425647737752,0.0035315043270493073,0.017820682138311714,0.0036946648301144835
price_bin,$70k+,Used,2023,0.022586452100868196,0.02159299312257705,0.019194816840055813,0.024329068011982796,0.0051342511719269825,0.03203044476987327,0.01149344008216534
price_bin,$60k-$70k,Used,2025,0.016426066338582263,0.01589133789662426,0.014012133419950095,0.01794318302749021,0.003931049607540114,0.02383975743880038,0.008115559008639923
price_bin,$70k+,Used,2022,0.03135677158105392,0.029948931857165132,0.026574894809471804,0.03367622182599552,0.0071013270165237175,0.0443282123507811,0.015922904284686228
price_bin,$50k-$60k,New,2021,0.18302403243331564,0.18166804293971925,0.17345938741375705,0.1916276097145292,0.01816822230077214,0.2188799431656874,0.14620705396259884
price_bin,$30k-$40k,New,2024,0.29248717713570266,0.29252269561598676,0.27996735074626866,0.30982842172327457,0.02986107097700591,0.35462002818878346,0.2351757442807598
price_bin,$60k-$70k,Used,2018,0.0142886641414886,0.013929407079205456,0.01221031765618824,0.015556806261100935,0.0033464886049126962,0.02057653916846998,0.007190584748819195
price_bin,$0-$10k,Used,2019,0.07271037273236255,0.07135798681298808,0.06388050326192889,0.07941667311743919,0.015536169855510304,0.10272092790070464,0.04057624847866343
price_bin,$20k-$30k,New,2018,0.19964348227779088,0.1991947196278235,0.1848689199601845,0.21284771293599544,0.027978792975810934,0.25481590239971186,0.14290073049646812
price_bin,$20k-$30k,New,2020,0.1729277563862186,0.17257455092133295,0.15944411906330436,0.18519827247742443,0.025754153414120073,0.22382950259860454,0.12081288894212425
price_bin,$20k-$30k,New,2019,0.18439168743319478,0.18252589224522925,0.1701836248142797,0.19694036045775853,0.02675673564347883,0.2370754639229768,0.13004852134906147
price_bin,$10k-$20k,New,2018,0.015169928420930213,0.014118359490488067,0.011499799231940689,0.017353271732683043,0.005853472500742354,0.026133480483796573,0.0027195904808271585
price_bin,$20k-$30k,New,2021,0.14171560509688372,0.14146335922947617,0.13121055275284457,0.15261441919913762,0.02140386644629305,0.1847202188685772,0.099104753083405
price_bin,$10k-$20k,New,2021,0.002480785337420415,0.002189070861034539,0.0015492311223318797,0.0028405987108052005,0.0012913675884733207,0.004777650093515181,-3.8782026037810133e-4
price_bin,$30k-$40k,New,2021,0.2885430890906913,0.2912389085733321,0.2744650854204677,0.3024193548387097,0.027954269418241973,0.34435075896607265,0.23253368129310475
price_bin,$30k-$40k,New,2019,0.27566567355238913,0.27748058424003896,0.2607595356149126,0.28934698171225115,0.028587446097338542,0.33222815085825896,0.2178783664689048
price_bin,$30k-$40k,New,2020,0.27746443625150174,0.2775726218922175,0.26540450289463263,0.28915071848396,0.02374621558932738,0.3247700418679511,0.22978517951064156
price_bin,$10k-$20k,New,2020,0.0051413726309577495,0.004654418627499141,0.00345509286128845,0.005794529129254542,0.0023394362679660914,0.009303683531203678,-5.406154066068701e-5
price_bin,$30k-$40k,New,2018,0.28210935818662075,0.28370002271881173,0.2702018559476098,0.2931311271886639,0.022929271241054094,0.327525034050245,0.23580794908602867
price_bin,$40k-$50k,New,2019,0.21810523751975966,0.21946548792897067,0.20900722866503718,0.2273983669301487,0.018391138265111517,0.254985074327816,0.1814205212673699
price_bin,$40k-$50k,New,2018,0.20629241045794125,0.20588293749378914,0.19894030770769477,0.2142877726866661,0.015347464978971326,0.2373089701551231,0.17591911023923779
price_bin,$60k-$70k,New,2018,0.07268134280944201,0.07106920451746825,0.06511282077017658,0.0780865603644647,0.012973739594288117,0.09754716975589686,0.0456522113787444
price_bin,$50k-$60k,New,2018,0.15515409358532556,0.15425329010108715,0.1450291550700128,0.16354375999741577,0.018514604927402978,0.19131566738852024,0.11725724767890833
price_bin,$40k-$50k,New,2020,0.216622970244243,0.21653648349019716,0.2087947561205583,0.22487793557113378,0.01608317945057547,0.24900270474699698,0.1846699869446951
price_bin,$50k-$60k,New,2019,0.16056992981454554,0.16047162811805998,0.14983290011139994,0.1686684977215357,0.018835597610135757,0.19692189413673933,0.1215795036961963
price_bin,$40k-$50k,New,2021,0.21391748100952493,0.21469459910634986,0.20714366020415503,0.22126380380773322,0.014120143603578189,0.2424440192131005,0.18596344479878774
price_bin,$60k-$70k,New,2019,0.0754739582248884,0.0739934405046907,0.06654724701255026,0.08146633091614479,0.014919083903594532,0.10384495677153659,0.04416862115715846
price_bin,$50k-$60k,New,2020,0.17403075507273194,0.17364282090309488,0.16500955460566114,0.18124448094118215,0.01623492633552101,0.20559687044446368,0.14065716510237963
price_bin,$60k-$70k,New,2021,0.0881048750680304,0.08647166460653234,0.07867082100504642,0.09439317257120175,0.015722351566155326,0.11797669992043475,0.055087293655813434
price_bin,$60k-$70k,New,2020,0.07973251425455069,0.0778691116739339,0.07176215969928237,0.08536889332003988,0.01360673362075751,0.10577899375117615,0.05135205926814611
price_bin,$0-$10k,Used,2021,0.052308938560759376,0.05088038858530662,0.04289140894446258,0.056571358448889435,0.013679949504426851,0.07709128270552972,0.022371484687822307
price_bin,$70k+,Used,2025,0.01534553971817868,0.014389446076984783,0.011999856686662959,0.01673742374657753,0.004737567059914571,0.023843774336449387,0.004893506096791102
price_bin,$0-$10k,Used,2025,0.10290932423864516,0.10189817554286576,0.08852578063342745,0.11226707420675777,0.023741293573330324,0.14787901456675326,0.05291384027343196
price_bin,$60k-$70k,New,2023,0.08652778744552911,0.08408823267049824,0.07779477898857468,0.09255384904791614,0.014759070059341461,0.11469245413692833,0.05565617389956248
price_bin,$70k+,New,2023,0.10292684020183133,0.0992637228198293,0.08969782431284594,0.10995845593101886,0.020260631618172917,0.14034940335827822,0.059306876885586564
price_bin,$70k+,New,2024,0.09208041551377356,0.0893526491743491,0.07893715968024492,0.09887936717205009,0.01994220749180517,0.12879267840975783,0.04902384844253717
price_bin,$70k+,New,2025,0.08782801030035559,0.08514691947930865,0.07484261099256578,0.09579468921704402,0.02095207822447824,0.1272228065537614,0.04341449365584842
price_bin,$70k+,New,2022,0.09943897022779775,0.09611277231952157,0.08610051464639329,0.10784589096320492,0.02174537631681163,0.14046395543842236,0.053482450171175845
price_bin,$60k-$70k,New,2022,0.08869937655436255,0.08676314652633232,0.07957955759855949,0.09426465282720828,0.01468509522864879,0.11629229567018146,0.057551914755586304
price_bin,$10k-$20k,New,2019,0.011610146614298855,0.010602414118855156,0.008548338791791154,0.013167603155684205,0.004619264363893051,0.02009649970152378,0.0016194422459515781
price_bin,$70k+,New,2019,0.07581593559200686,0.07013809822792416,0.06270290675726689,0.08375953709903622,0.021056630341769328,0.11534448261169021,0.0311179612446129
price_bin,$70k+,Used,2020,0.012605133839204039,0.011860035012065086,0.01050304619091473,0.013617206399248002,0.003114160208333272,0.01828844671174791,0.0058318058784148225
price_bin,$70k+,New,2021,0.08399840649956919,0.07976328793271592,0.07031713163624868,0.09101847697516009,0.02070134533891141,0.1220704949835272,0.03926511362788157
price_bin,$70k+,New,2018,0.07079156796358166,0.06801678525816457,0.059122873070430064,0.07713315529346368,0.018010282223033615,0.1041485786280141,0.032107449735879645
price_bin,$70k+,New,2020,0.0758205015029907,0.07171638711556667,0.06294321367709307,0.08274551151648948,0.01980229783939641,0.1124489582755841,0.03323976691799846
price_bin,$10k-$20k,New,2025,0.002063591633892688,0.0016132692519704637,0.0010177410090155931,0.002299149748394933,0.00128140873937934,0.0042212628574639435,-9.043721000534168e-4
price_bin,$10k-$20k,New,2022,0.0013910225728318744,0.0012109602161940274,8.406932064291256e-4,0.001645978038517995,8.052848320888693e-4,0.002853905286651299,-3.6723404170417833e-4
price_bin,$10k-$20k,New,2023,5.473410652434139e-4,4.397037862219228e-4,3.1854996058617663e-4,6.093277409408074e-4,2.907777803546308e-4,0.0010454944114727536,-1.1761670994576951e-4
price_bin,$0-$10k,New,2018,1.331263023444298e-5,4.813107053127076e-6,4.2702194892817495e-6,5.8969565807086965e-6,1.626737091426947e-6,8.337062217849116e-6,1.830113852141329e-6
price_bin,$0-$10k,New,2023,1.2348752256818543e-4,1.2381164417794627e-4,1.1194982543836419e-5,1.4580751330030904e-4,1.3461253075647262e-4,3.47726309435018e-4,-1.907238135908725e-4
price_bin,$0-$10k,New,2024,1.708007673390241e-4,2.308922252815442e-5,1.0929379812342549e-5,3.3088627046307253e-4,3.1995689065072996e-4,8.108216064391675e-4,-4.690059561637524e-4
price_bin,$0-$10k,New,2025,5.15030402454212e-5,2.3678727031634778e-5,1.1875356260687821e-5,5.723607017142203e-5,4.536071391073421e-5,1.2527714103752335e-4,-5.616571460541349e-5
